net,initial,unsafe,oracle_states_exhausted,agrees
conservative_00,"[0, 0]",False,1,True
conservative_00,"[0, 1]",False,2,True
conservative_00,"[0, 2]",False,3,True
conservative_00,"[0, 3]",False,4,True
conservative_00,"[0, 4]",False,5,True
conservative_00,"[0, 5]",True,6,True
conservative_00,"[0, 6]",True,7,True
conservative_00,"[1, 0]",False,1,True
conservative_00,"[1, 1]",False,2,True
conservative_00,"[1, 2]",False,3,True
conservative_00,"[1, 3]",False,4,True
conservative_00,"[1, 4]",True,5,True
conservative_00,"[1, 5]",True,6,True
conservative_00,"[2, 0]",False,1,True
conservative_00,"[2, 1]",False,3,True
conservative_00,"[2, 2]",False,4,True
conservative_00,"[2, 3]",True,5,True
conservative_00,"[2, 4]",True,6,True
conservative_00,"[3, 0]",False,3,True
conservative_00,"[3, 1]",False,4,True
conservative_00,"[3, 2]",True,5,True
conservative_00,"[3, 3]",True,6,True
conservative_00,"[4, 0]",False,4,True
conservative_00,"[4, 1]",True,5,True
conservative_00,"[4, 2]",True,6,True
conservative_00,"[5, 0]",True,5,True
conservative_00,"[5, 1]",True,6,True
conservative_00,"[6, 0]",True,6,True
conservative_01,"[0, 0]",False,1,True
conservative_01,"[0, 1]",False,1,True
conservative_01,"[0, 2]",True,1,True
conservative_01,"[0, 3]",True,1,True
conservative_01,"[0, 4]",True,1,True
conservative_01,"[0, 5]",True,1,True
conservative_01,"[0, 6]",True,1,True
conservative_01,"[1, 0]",False,1,True
conservative_01,"[1, 1]",False,1,True
conservative_01,"[1, 2]",True,1,True
conservative_01,"[1, 3]",True,1,True
conservative_01,"[1, 4]",True,1,True
conservative_01,"[1, 5]",True,1,True
conservative_01,"[2, 0]",False,1,True
conservative_01,"[2, 1]",False,1,True
conservative_01,"[2, 2]",True,1,True
conservative_01,"[2, 3]",True,1,True
conservative_01,"[2, 4]",True,1,True
conservative_01,"[3, 0]",False,1,True
conservative_01,"[3, 1]",False,1,True
conservative_01,"[3, 2]",True,1,True
conservative_01,"[3, 3]",True,1,True
conservative_01,"[4, 0]",False,1,True
conservative_01,"[4, 1]",False,1,True
conservative_01,"[4, 2]",True,1,True
conservative_01,"[5, 0]",False,1,True
conservative_01,"[5, 1]",False,1,True
conservative_01,"[6, 0]",False,1,True
conservative_02,"[0, 0]",False,1,True
conservative_02,"[0, 1]",True,2,True
conservative_02,"[0, 2]",True,3,True
conservative_02,"[0, 3]",True,4,True
conservative_02,"[0, 4]",True,5,True
conservative_02,"[0, 5]",True,6,True
conservative_02,"[0, 6]",True,7,True
conservative_02,"[1, 0]",False,1,True
conservative_02,"[1, 1]",True,2,True
conservative_02,"[1, 2]",True,3,True
conservative_02,"[1, 3]",True,4,True
conservative_02,"[1, 4]",True,5,True
conservative_02,"[1, 5]",True,6,True
conservative_02,"[2, 0]",False,1,True
conservative_02,"[2, 1]",True,2,True
conservative_02,"[2, 2]",True,3,True
conservative_02,"[2, 3]",True,4,True
conservative_02,"[2, 4]",True,5,True
conservative_02,"[3, 0]",False,1,True
conservative_02,"[3, 1]",True,2,True
conservative_02,"[3, 2]",True,3,True
conservative_02,"[3, 3]",True,4,True
conservative_02,"[4, 0]",False,1,True
conservative_02,"[4, 1]",True,2,True
conservative_02,"[4, 2]",True,3,True
conservative_02,"[5, 0]",False,1,True
conservative_02,"[5, 1]",True,2,True
conservative_02,"[6, 0]",False,1,True
conservative_03,"[0, 0]",False,1,True
conservative_03,"[0, 1]",False,1,True
conservative_03,"[0, 2]",False,2,True
conservative_03,"[0, 3]",True,3,True
conservative_03,"[0, 4]",True,4,True
conservative_03,"[0, 5]",True,5,True
conservative_03,"[0, 6]",True,6,True
conservative_03,"[1, 0]",False,2,True
conservative_03,"[1, 1]",False,2,True
conservative_03,"[1, 2]",True,3,True
conservative_03,"[1, 3]",True,4,True
conservative_03,"[1, 4]",True,5,True
conservative_03,"[1, 5]",True,6,True
conservative_03,"[2, 0]",False,3,True
conservative_03,"[2, 1]",True,3,True
conservative_03,"[2, 2]",True,4,True
conservative_03,"[2, 3]",True,5,True
conservative_03,"[2, 4]",True,6,True
conservative_03,"[3, 0]",True,4,True
conservative_03,"[3, 1]",True,4,True
conservative_03,"[3, 2]",True,5,True
conservative_03,"[3, 3]",True,6,True
conservative_03,"[4, 0]",True,5,True
conservative_03,"[4, 1]",True,5,True
conservative_03,"[4, 2]",True,6,True
conservative_03,"[5, 0]",True,6,True
conservative_03,"[5, 1]",True,6,True
conservative_03,"[6, 0]",True,7,True
conservative_04,"[0, 0]",False,1,True
conservative_04,"[0, 1]",False,2,True
conservative_04,"[0, 2]",True,3,True
conservative_04,"[0, 3]",True,4,True
conservative_04,"[0, 4]",True,5,True
conservative_04,"[0, 5]",True,6,True
conservative_04,"[0, 6]",True,7,True
conservative_04,"[1, 0]",False,1,True
conservative_04,"[1, 1]",False,2,True
conservative_04,"[1, 2]",True,3,True
conservative_04,"[1, 3]",True,4,True
conservative_04,"[1, 4]",True,5,True
conservative_04,"[1, 5]",True,6,True
conservative_04,"[2, 0]",False,1,True
conservative_04,"[2, 1]",False,2,True
conservative_04,"[2, 2]",True,3,True
conservative_04,"[2, 3]",True,4,True
conservative_04,"[2, 4]",True,5,True
conservative_04,"[3, 0]",False,1,True
conservative_04,"[3, 1]",False,2,True
conservative_04,"[3, 2]",True,3,True
conservative_04,"[3, 3]",True,4,True
conservative_04,"[4, 0]",False,1,True
conservative_04,"[4, 1]",False,2,True
conservative_04,"[4, 2]",True,3,True
conservative_04,"[5, 0]",False,1,True
conservative_04,"[5, 1]",False,2,True
conservative_04,"[6, 0]",False,1,True
conservative_05,"[0, 0]",False,1,True
conservative_05,"[0, 1]",True,2,True
conservative_05,"[0, 2]",True,3,True
conservative_05,"[0, 3]",True,4,True
conservative_05,"[0, 4]",True,5,True
conservative_05,"[0, 5]",True,6,True
conservative_05,"[0, 6]",True,7,True
conservative_05,"[1, 0]",False,1,True
conservative_05,"[1, 1]",True,2,True
conservative_05,"[1, 2]",True,3,True
conservative_05,"[1, 3]",True,4,True
conservative_05,"[1, 4]",True,5,True
conservative_05,"[1, 5]",True,6,True
conservative_05,"[2, 0]",True,1,True
conservative_05,"[2, 1]",True,2,True
conservative_05,"[2, 2]",True,3,True
conservative_05,"[2, 3]",True,4,True
conservative_05,"[2, 4]",True,5,True
conservative_05,"[3, 0]",True,1,True
conservative_05,"[3, 1]",True,2,True
conservative_05,"[3, 2]",True,3,True
conservative_05,"[3, 3]",True,4,True
conservative_05,"[4, 0]",True,1,True
conservative_05,"[4, 1]",True,2,True
conservative_05,"[4, 2]",True,3,True
conservative_05,"[5, 0]",True,1,True
conservative_05,"[5, 1]",True,2,True
conservative_05,"[6, 0]",True,1,True
conservative_06,"[0, 0]",False,1,True
conservative_06,"[0, 1]",False,2,True
conservative_06,"[0, 2]",True,3,True
conservative_06,"[0, 3]",True,4,True
conservative_06,"[0, 4]",True,5,True
conservative_06,"[0, 5]",True,6,True
conservative_06,"[0, 6]",True,7,True
conservative_06,"[1, 0]",False,1,True
conservative_06,"[1, 1]",True,2,True
conservative_06,"[1, 2]",True,3,True
conservative_06,"[1, 3]",True,4,True
conservative_06,"[1, 4]",True,5,True
conservative_06,"[1, 5]",True,6,True
conservative_06,"[2, 0]",False,1,True
conservative_06,"[2, 1]",True,2,True
conservative_06,"[2, 2]",True,3,True
conservative_06,"[2, 3]",True,4,True
conservative_06,"[2, 4]",True,5,True
conservative_06,"[3, 0]",True,2,True
conservative_06,"[3, 1]",True,3,True
conservative_06,"[3, 2]",True,4,True
conservative_06,"[3, 3]",True,5,True
conservative_06,"[4, 0]",True,3,True
conservative_06,"[4, 1]",True,4,True
conservative_06,"[4, 2]",True,5,True
conservative_06,"[5, 0]",True,4,True
conservative_06,"[5, 1]",True,5,True
conservative_06,"[6, 0]",True,5,True
conservative_07,"[0, 0]",False,1,True
conservative_07,"[0, 1]",False,1,True
conservative_07,"[0, 2]",False,2,True
conservative_07,"[0, 3]",True,3,True
conservative_07,"[0, 4]",True,4,True
conservative_07,"[0, 5]",True,5,True
conservative_07,"[0, 6]",True,6,True
conservative_07,"[1, 0]",False,1,True
conservative_07,"[1, 1]",False,1,True
conservative_07,"[1, 2]",True,2,True
conservative_07,"[1, 3]",True,3,True
conservative_07,"[1, 4]",True,4,True
conservative_07,"[1, 5]",True,5,True
conservative_07,"[2, 0]",True,1,True
conservative_07,"[2, 1]",True,1,True
conservative_07,"[2, 2]",True,2,True
conservative_07,"[2, 3]",True,3,True
conservative_07,"[2, 4]",True,4,True
conservative_07,"[3, 0]",True,1,True
conservative_07,"[3, 1]",True,1,True
conservative_07,"[3, 2]",True,2,True
conservative_07,"[3, 3]",True,3,True
conservative_07,"[4, 0]",True,1,True
conservative_07,"[4, 1]",True,1,True
conservative_07,"[4, 2]",True,2,True
conservative_07,"[5, 0]",True,1,True
conservative_07,"[5, 1]",True,1,True
conservative_07,"[6, 0]",True,1,True
conservative_08,"[0, 0]",True,1,True
conservative_08,"[0, 1]",True,2,True
conservative_08,"[0, 2]",True,3,True
conservative_08,"[0, 3]",True,4,True
conservative_08,"[0, 4]",True,5,True
conservative_08,"[0, 5]",True,6,True
conservative_08,"[0, 6]",True,7,True
conservative_08,"[1, 0]",True,1,True
conservative_08,"[1, 1]",True,2,True
conservative_08,"[1, 2]",True,3,True
conservative_08,"[1, 3]",True,4,True
conservative_08,"[1, 4]",True,5,True
conservative_08,"[1, 5]",True,6,True
conservative_08,"[2, 0]",True,2,True
conservative_08,"[2, 1]",True,3,True
conservative_08,"[2, 2]",True,4,True
conservative_08,"[2, 3]",True,5,True
conservative_08,"[2, 4]",True,6,True
conservative_08,"[3, 0]",True,3,True
conservative_08,"[3, 1]",True,4,True
conservative_08,"[3, 2]",True,5,True
conservative_08,"[3, 3]",True,6,True
conservative_08,"[4, 0]",True,4,True
conservative_08,"[4, 1]",True,5,True
conservative_08,"[4, 2]",True,6,True
conservative_08,"[5, 0]",True,5,True
conservative_08,"[5, 1]",True,6,True
conservative_08,"[6, 0]",True,6,True
conservative_09,"[0, 0]",False,1,True
conservative_09,"[0, 1]",False,2,True
conservative_09,"[0, 2]",False,3,True
conservative_09,"[0, 3]",False,4,True
conservative_09,"[0, 4]",True,5,True
conservative_09,"[0, 5]",True,6,True
conservative_09,"[0, 6]",True,7,True
conservative_09,"[1, 0]",False,1,True
conservative_09,"[1, 1]",False,2,True
conservative_09,"[1, 2]",False,3,True
conservative_09,"[1, 3]",True,4,True
conservative_09,"[1, 4]",True,5,True
conservative_09,"[1, 5]",True,6,True
conservative_09,"[2, 0]",False,1,True
conservative_09,"[2, 1]",False,3,True
conservative_09,"[2, 2]",True,4,True
conservative_09,"[2, 3]",True,5,True
conservative_09,"[2, 4]",True,6,True
conservative_09,"[3, 0]",False,1,True
conservative_09,"[3, 1]",True,4,True
conservative_09,"[3, 2]",True,5,True
conservative_09,"[3, 3]",True,6,True
conservative_09,"[4, 0]",False,1,True
conservative_09,"[4, 1]",True,5,True
conservative_09,"[4, 2]",True,6,True
conservative_09,"[5, 0]",False,1,True
conservative_09,"[5, 1]",True,6,True
conservative_09,"[6, 0]",False,1,True
conservative_10,"[0, 0]",False,1,True
conservative_10,"[0, 1]",False,1,True
conservative_10,"[0, 2]",True,2,True
conservative_10,"[0, 3]",True,3,True
conservative_10,"[0, 4]",True,4,True
conservative_10,"[0, 5]",True,5,True
conservative_10,"[0, 6]",True,6,True
conservative_10,"[1, 0]",True,1,True
conservative_10,"[1, 1]",True,1,True
conservative_10,"[1, 2]",True,2,True
conservative_10,"[1, 3]",True,3,True
conservative_10,"[1, 4]",True,4,True
conservative_10,"[1, 5]",True,5,True
conservative_10,"[2, 0]",True,1,True
conservative_10,"[2, 1]",True,1,True
conservative_10,"[2, 2]",True,2,True
conservative_10,"[2, 3]",True,3,True
conservative_10,"[2, 4]",True,4,True
conservative_10,"[3, 0]",True,1,True
conservative_10,"[3, 1]",True,1,True
conservative_10,"[3, 2]",True,2,True
conservative_10,"[3, 3]",True,3,True
conservative_10,"[4, 0]",True,1,True
conservative_10,"[4, 1]",True,1,True
conservative_10,"[4, 2]",True,2,True
conservative_10,"[5, 0]",True,1,True
conservative_10,"[5, 1]",True,1,True
conservative_10,"[6, 0]",True,1,True
conservative_11,"[0, 0]",False,1,True
conservative_11,"[0, 1]",False,1,True
conservative_11,"[0, 2]",False,2,True
conservative_11,"[0, 3]",True,3,True
conservative_11,"[0, 4]",True,4,True
conservative_11,"[0, 5]",True,5,True
conservative_11,"[0, 6]",True,6,True
conservative_11,"[1, 0]",False,1,True
conservative_11,"[1, 1]",False,1,True
conservative_11,"[1, 2]",True,3,True
conservative_11,"[1, 3]",True,4,True
conservative_11,"[1, 4]",True,5,True
conservative_11,"[1, 5]",True,6,True
conservative_11,"[2, 0]",True,3,True
conservative_11,"[2, 1]",True,3,True
conservative_11,"[2, 2]",True,4,True
conservative_11,"[2, 3]",True,5,True
conservative_11,"[2, 4]",True,6,True
conservative_11,"[3, 0]",True,4,True
conservative_11,"[3, 1]",True,4,True
conservative_11,"[3, 2]",True,5,True
conservative_11,"[3, 3]",True,6,True
conservative_11,"[4, 0]",True,5,True
conservative_11,"[4, 1]",True,5,True
conservative_11,"[4, 2]",True,6,True
conservative_11,"[5, 0]",True,6,True
conservative_11,"[5, 1]",True,6,True
conservative_11,"[6, 0]",True,7,True
conservative_12,"[0, 0]",False,1,True
conservative_12,"[0, 1]",False,1,True
conservative_12,"[0, 2]",False,1,True
conservative_12,"[0, 3]",False,1,True
conservative_12,"[0, 4]",False,1,True
conservative_12,"[0, 5]",False,1,True
conservative_12,"[0, 6]",False,1,True
conservative_12,"[1, 0]",False,1,True
conservative_12,"[1, 1]",False,2,True
conservative_12,"[1, 2]",False,2,True
conservative_12,"[1, 3]",True,2,True
conservative_12,"[1, 4]",True,2,True
conservative_12,"[1, 5]",True,2,True
conservative_12,"[2, 0]",False,3,True
conservative_12,"[2, 1]",True,3,True
conservative_12,"[2, 2]",True,3,True
conservative_12,"[2, 3]",True,3,True
conservative_12,"[2, 4]",True,3,True
conservative_12,"[3, 0]",True,4,True
conservative_12,"[3, 1]",True,4,True
conservative_12,"[3, 2]",True,4,True
conservative_12,"[3, 3]",True,4,True
conservative_12,"[4, 0]",True,5,True
conservative_12,"[4, 1]",True,5,True
conservative_12,"[4, 2]",True,5,True
conservative_12,"[5, 0]",True,6,True
conservative_12,"[5, 1]",True,6,True
conservative_12,"[6, 0]",True,7,True
conservative_13,"[0, 0]",False,1,True
conservative_13,"[0, 1]",False,1,True
conservative_13,"[0, 2]",False,1,True
conservative_13,"[0, 3]",False,1,True
conservative_13,"[0, 4]",False,1,True
conservative_13,"[0, 5]",False,1,True
conservative_13,"[0, 6]",False,1,True
conservative_13,"[1, 0]",False,1,True
conservative_13,"[1, 1]",False,2,True
conservative_13,"[1, 2]",False,3,True
conservative_13,"[1, 3]",False,4,True
conservative_13,"[1, 4]",True,5,True
conservative_13,"[1, 5]",True,6,True
conservative_13,"[2, 0]",False,1,True
conservative_13,"[2, 1]",False,2,True
conservative_13,"[2, 2]",False,3,True
conservative_13,"[2, 3]",True,4,True
conservative_13,"[2, 4]",True,5,True
conservative_13,"[3, 0]",False,1,True
conservative_13,"[3, 1]",False,2,True
conservative_13,"[3, 2]",True,3,True
conservative_13,"[3, 3]",True,4,True
conservative_13,"[4, 0]",False,1,True
conservative_13,"[4, 1]",False,2,True
conservative_13,"[4, 2]",True,3,True
conservative_13,"[5, 0]",False,1,True
conservative_13,"[5, 1]",False,2,True
conservative_13,"[6, 0]",False,1,True
conservative_14,"[0, 0]",False,1,True
conservative_14,"[0, 1]",False,1,True
conservative_14,"[0, 2]",False,1,True
conservative_14,"[0, 3]",False,1,True
conservative_14,"[0, 4]",False,1,True
conservative_14,"[0, 5]",False,1,True
conservative_14,"[0, 6]",False,1,True
conservative_14,"[1, 0]",False,2,True
conservative_14,"[1, 1]",False,2,True
conservative_14,"[1, 2]",False,2,True
conservative_14,"[1, 3]",False,2,True
conservative_14,"[1, 4]",False,2,True
conservative_14,"[1, 5]",False,2,True
conservative_14,"[2, 0]",False,3,True
conservative_14,"[2, 1]",False,3,True
conservative_14,"[2, 2]",False,3,True
conservative_14,"[2, 3]",False,3,True
conservative_14,"[2, 4]",False,3,True
conservative_14,"[3, 0]",False,4,True
conservative_14,"[3, 1]",True,4,True
conservative_14,"[3, 2]",True,4,True
conservative_14,"[3, 3]",True,4,True
conservative_14,"[4, 0]",True,5,True
conservative_14,"[4, 1]",True,5,True
conservative_14,"[4, 2]",True,5,True
conservative_14,"[5, 0]",True,6,True
conservative_14,"[5, 1]",True,6,True
conservative_14,"[6, 0]",True,7,True
conservative_15,"[0, 0]",False,1,True
conservative_15,"[0, 1]",False,1,True
conservative_15,"[0, 2]",False,1,True
conservative_15,"[0, 3]",False,1,True
conservative_15,"[0, 4]",False,1,True
conservative_15,"[0, 5]",False,1,True
conservative_15,"[0, 6]",False,1,True
conservative_15,"[1, 0]",True,1,True
conservative_15,"[1, 1]",True,2,True
conservative_15,"[1, 2]",True,3,True
conservative_15,"[1, 3]",True,4,True
conservative_15,"[1, 4]",True,5,True
conservative_15,"[1, 5]",True,6,True
conservative_15,"[2, 0]",True,1,True
conservative_15,"[2, 1]",True,2,True
conservative_15,"[2, 2]",True,3,True
conservative_15,"[2, 3]",True,4,True
conservative_15,"[2, 4]",True,5,True
conservative_15,"[3, 0]",True,1,True
conservative_15,"[3, 1]",True,2,True
conservative_15,"[3, 2]",True,3,True
conservative_15,"[3, 3]",True,4,True
conservative_15,"[4, 0]",True,1,True
conservative_15,"[4, 1]",True,2,True
conservative_15,"[4, 2]",True,3,True
conservative_15,"[5, 0]",True,1,True
conservative_15,"[5, 1]",True,2,True
conservative_15,"[6, 0]",True,1,True
conservative_16,"[0, 0]",False,1,True
conservative_16,"[0, 1]",False,1,True
conservative_16,"[0, 2]",False,1,True
conservative_16,"[0, 3]",False,1,True
conservative_16,"[0, 4]",False,1,True
conservative_16,"[0, 5]",False,1,True
conservative_16,"[0, 6]",False,1,True
conservative_16,"[1, 0]",True,1,True
conservative_16,"[1, 1]",True,1,True
conservative_16,"[1, 2]",True,1,True
conservative_16,"[1, 3]",True,1,True
conservative_16,"[1, 4]",True,1,True
conservative_16,"[1, 5]",True,1,True
conservative_16,"[2, 0]",True,1,True
conservative_16,"[2, 1]",True,1,True
conservative_16,"[2, 2]",True,1,True
conservative_16,"[2, 3]",True,1,True
conservative_16,"[2, 4]",True,1,True
conservative_16,"[3, 0]",True,1,True
conservative_16,"[3, 1]",True,1,True
conservative_16,"[3, 2]",True,1,True
conservative_16,"[3, 3]",True,1,True
conservative_16,"[4, 0]",True,1,True
conservative_16,"[4, 1]",True,1,True
conservative_16,"[4, 2]",True,1,True
conservative_16,"[5, 0]",True,1,True
conservative_16,"[5, 1]",True,1,True
conservative_16,"[6, 0]",True,1,True
conservative_17,"[0, 0]",False,1,True
conservative_17,"[0, 1]",False,1,True
conservative_17,"[0, 2]",False,1,True
conservative_17,"[0, 3]",False,1,True
conservative_17,"[0, 4]",False,1,True
conservative_17,"[0, 5]",False,1,True
conservative_17,"[0, 6]",False,1,True
conservative_17,"[1, 0]",False,1,True
conservative_17,"[1, 1]",False,2,True
conservative_17,"[1, 2]",True,2,True
conservative_17,"[1, 3]",True,2,True
conservative_17,"[1, 4]",True,2,True
conservative_17,"[1, 5]",True,2,True
conservative_17,"[2, 0]",False,1,True
conservative_17,"[2, 1]",True,3,True
conservative_17,"[2, 2]",True,3,True
conservative_17,"[2, 3]",True,3,True
conservative_17,"[2, 4]",True,3,True
conservative_17,"[3, 0]",True,1,True
conservative_17,"[3, 1]",True,4,True
conservative_17,"[3, 2]",True,4,True
conservative_17,"[3, 3]",True,4,True
conservative_17,"[4, 0]",True,1,True
conservative_17,"[4, 1]",True,5,True
conservative_17,"[4, 2]",True,5,True
conservative_17,"[5, 0]",True,1,True
conservative_17,"[5, 1]",True,6,True
conservative_17,"[6, 0]",True,1,True
conservative_18,"[0, 0]",False,1,True
conservative_18,"[0, 1]",False,1,True
conservative_18,"[0, 2]",False,1,True
conservative_18,"[0, 3]",False,1,True
conservative_18,"[0, 4]",False,1,True
conservative_18,"[0, 5]",False,1,True
conservative_18,"[0, 6]",False,1,True
conservative_18,"[1, 0]",False,2,True
conservative_18,"[1, 1]",False,2,True
conservative_18,"[1, 2]",True,3,True
conservative_18,"[1, 3]",True,4,True
conservative_18,"[1, 4]",True,5,True
conservative_18,"[1, 5]",True,6,True
conservative_18,"[2, 0]",False,3,True
conservative_18,"[2, 1]",True,3,True
conservative_18,"[2, 2]",True,4,True
conservative_18,"[2, 3]",True,5,True
conservative_18,"[2, 4]",True,6,True
conservative_18,"[3, 0]",True,4,True
conservative_18,"[3, 1]",True,4,True
conservative_18,"[3, 2]",True,5,True
conservative_18,"[3, 3]",True,6,True
conservative_18,"[4, 0]",True,5,True
conservative_18,"[4, 1]",True,5,True
conservative_18,"[4, 2]",True,6,True
conservative_18,"[5, 0]",True,6,True
conservative_18,"[5, 1]",True,6,True
conservative_18,"[6, 0]",True,7,True
conservative_19,"[0, 0]",False,1,True
conservative_19,"[0, 1]",False,2,True
conservative_19,"[0, 2]",False,3,True
conservative_19,"[0, 3]",False,4,True
conservative_19,"[0, 4]",False,5,True
conservative_19,"[0, 5]",True,6,True
conservative_19,"[0, 6]",True,7,True
conservative_19,"[1, 0]",False,1,True
conservative_19,"[1, 1]",False,3,True
conservative_19,"[1, 2]",False,4,True
conservative_19,"[1, 3]",False,5,True
conservative_19,"[1, 4]",True,6,True
conservative_19,"[1, 5]",True,7,True
conservative_19,"[2, 0]",False,1,True
conservative_19,"[2, 1]",False,4,True
conservative_19,"[2, 2]",False,5,True
conservative_19,"[2, 3]",True,6,True
conservative_19,"[2, 4]",True,7,True
conservative_19,"[3, 0]",False,1,True
conservative_19,"[3, 1]",False,5,True
conservative_19,"[3, 2]",True,6,True
conservative_19,"[3, 3]",True,7,True
conservative_19,"[4, 0]",False,1,True
conservative_19,"[4, 1]",True,6,True
conservative_19,"[4, 2]",True,7,True
conservative_19,"[5, 0]",False,1,True
conservative_19,"[5, 1]",True,7,True
conservative_19,"[6, 0]",False,1,True
conservative_20,"[0, 0, 0]",False,1,True
conservative_20,"[0, 0, 1]",False,2,True
conservative_20,"[0, 0, 2]",False,3,True
conservative_20,"[0, 0, 3]",False,4,True
conservative_20,"[0, 0, 4]",False,5,True
conservative_20,"[0, 0, 5]",False,6,True
conservative_20,"[0, 0, 6]",False,7,True
conservative_20,"[0, 1, 0]",False,1,True
conservative_20,"[0, 1, 1]",False,2,True
conservative_20,"[0, 1, 2]",False,3,True
conservative_20,"[0, 1, 3]",False,4,True
conservative_20,"[0, 1, 4]",False,5,True
conservative_20,"[0, 1, 5]",False,6,True
conservative_20,"[0, 2, 0]",False,1,True
conservative_20,"[0, 2, 1]",False,2,True
conservative_20,"[0, 2, 2]",False,3,True
conservative_20,"[0, 2, 3]",False,4,True
conservative_20,"[0, 2, 4]",False,5,True
conservative_20,"[0, 3, 0]",False,1,True
conservative_20,"[0, 3, 1]",False,2,True
conservative_20,"[0, 3, 2]",False,3,True
conservative_20,"[0, 3, 3]",False,4,True
conservative_20,"[0, 4, 0]",False,1,True
conservative_20,"[0, 4, 1]",False,2,True
conservative_20,"[0, 4, 2]",False,3,True
conservative_20,"[0, 5, 0]",False,1,True
conservative_20,"[0, 5, 1]",False,2,True
conservative_20,"[0, 6, 0]",False,1,True
conservative_20,"[1, 0, 0]",False,3,True
conservative_20,"[1, 0, 1]",False,5,True
conservative_20,"[1, 0, 2]",False,7,True
conservative_20,"[1, 0, 3]",False,9,True
conservative_20,"[1, 0, 4]",False,11,True
conservative_20,"[1, 0, 5]",True,13,True
conservative_20,"[1, 1, 0]",False,3,True
conservative_20,"[1, 1, 1]",False,5,True
conservative_20,"[1, 1, 2]",False,7,True
conservative_20,"[1, 1, 3]",False,9,True
conservative_20,"[1, 1, 4]",True,11,True
conservative_20,"[1, 2, 0]",False,4,True
conservative_20,"[1, 2, 1]",False,6,True
conservative_20,"[1, 2, 2]",False,8,True
conservative_20,"[1, 2, 3]",True,10,True
conservative_20,"[1, 3, 0]",False,4,True
conservative_20,"[1, 3, 1]",False,6,True
conservative_20,"[1, 3, 2]",True,8,True
conservative_20,"[1, 4, 0]",False,4,True
conservative_20,"[1, 4, 1]",False,6,True
conservative_20,"[1, 5, 0]",False,4,True
conservative_20,"[2, 0, 0]",False,6,True
conservative_20,"[2, 0, 1]",False,9,True
conservative_20,"[2, 0, 2]",True,12,True
conservative_20,"[2, 0, 3]",True,15,True
conservative_20,"[2, 0, 4]",True,18,True
conservative_20,"[2, 1, 0]",False,6,True
conservative_20,"[2, 1, 1]",True,9,True
conservative_20,"[2, 1, 2]",True,12,True
conservative_20,"[2, 1, 3]",True,15,True
conservative_20,"[2, 2, 0]",True,8,True
conservative_20,"[2, 2, 1]",True,11,True
conservative_20,"[2, 2, 2]",True,14,True
conservative_20,"[2, 3, 0]",True,9,True
conservative_20,"[2, 3, 1]",True,12,True
conservative_20,"[2, 4, 0]",True,9,True
conservative_20,"[3, 0, 0]",False,10,True
conservative_20,"[3, 0, 1]",True,14,True
conservative_20,"[3, 0, 2]",True,18,True
conservative_20,"[3, 0, 3]",True,22,True
conservative_20,"[3, 1, 0]",True,10,True
conservative_20,"[3, 1, 1]",True,14,True
conservative_20,"[3, 1, 2]",True,18,True
conservative_20,"[3, 2, 0]",True,13,True
conservative_20,"[3, 2, 1]",True,17,True
conservative_20,"[3, 3, 0]",True,15,True
conservative_20,"[4, 0, 0]",True,15,True
conservative_20,"[4, 0, 1]",True,20,True
conservative_20,"[4, 0, 2]",True,25,True
conservative_20,"[4, 1, 0]",True,15,True
conservative_20,"[4, 1, 1]",True,20,True
conservative_20,"[4, 2, 0]",True,19,True
conservative_20,"[5, 0, 0]",True,21,True
conservative_20,"[5, 0, 1]",True,27,True
conservative_20,"[5, 1, 0]",True,21,True
conservative_20,"[6, 0, 0]",True,28,True
conservative_21,"[0, 0, 0]",False,1,True
conservative_21,"[0, 0, 1]",False,1,True
conservative_21,"[0, 0, 2]",False,1,True
conservative_21,"[0, 0, 3]",False,1,True
conservative_21,"[0, 0, 4]",False,1,True
conservative_21,"[0, 0, 5]",False,1,True
conservative_21,"[0, 0, 6]",False,1,True
conservative_21,"[0, 1, 0]",False,1,True
conservative_21,"[0, 1, 1]",False,1,True
conservative_21,"[0, 1, 2]",False,1,True
conservative_21,"[0, 1, 3]",False,1,True
conservative_21,"[0, 1, 4]",False,1,True
conservative_21,"[0, 1, 5]",False,1,True
conservative_21,"[0, 2, 0]",False,1,True
conservative_21,"[0, 2, 1]",False,1,True
conservative_21,"[0, 2, 2]",False,1,True
conservative_21,"[0, 2, 3]",False,1,True
conservative_21,"[0, 2, 4]",False,1,True
conservative_21,"[0, 3, 0]",True,1,True
conservative_21,"[0, 3, 1]",True,1,True
conservative_21,"[0, 3, 2]",True,1,True
conservative_21,"[0, 3, 3]",True,1,True
conservative_21,"[0, 4, 0]",True,1,True
conservative_21,"[0, 4, 1]",True,1,True
conservative_21,"[0, 4, 2]",True,1,True
conservative_21,"[0, 5, 0]",True,1,True
conservative_21,"[0, 5, 1]",True,1,True
conservative_21,"[0, 6, 0]",True,1,True
conservative_21,"[1, 0, 0]",True,1,True
conservative_21,"[1, 0, 1]",True,1,True
conservative_21,"[1, 0, 2]",True,1,True
conservative_21,"[1, 0, 3]",True,1,True
conservative_21,"[1, 0, 4]",True,1,True
conservative_21,"[1, 0, 5]",True,1,True
conservative_21,"[1, 1, 0]",True,2,True
conservative_21,"[1, 1, 1]",True,2,True
conservative_21,"[1, 1, 2]",True,2,True
conservative_21,"[1, 1, 3]",True,2,True
conservative_21,"[1, 1, 4]",True,2,True
conservative_21,"[1, 2, 0]",True,2,True
conservative_21,"[1, 2, 1]",True,2,True
conservative_21,"[1, 2, 2]",True,2,True
conservative_21,"[1, 2, 3]",True,2,True
conservative_21,"[1, 3, 0]",True,2,True
conservative_21,"[1, 3, 1]",True,2,True
conservative_21,"[1, 3, 2]",True,2,True
conservative_21,"[1, 4, 0]",True,2,True
conservative_21,"[1, 4, 1]",True,2,True
conservative_21,"[1, 5, 0]",True,2,True
conservative_21,"[2, 0, 0]",True,1,True
conservative_21,"[2, 0, 1]",True,1,True
conservative_21,"[2, 0, 2]",True,1,True
conservative_21,"[2, 0, 3]",True,1,True
conservative_21,"[2, 0, 4]",True,1,True
conservative_21,"[2, 1, 0]",True,2,True
conservative_21,"[2, 1, 1]",True,2,True
conservative_21,"[2, 1, 2]",True,2,True
conservative_21,"[2, 1, 3]",True,2,True
conservative_21,"[2, 2, 0]",True,3,True
conservative_21,"[2, 2, 1]",True,3,True
conservative_21,"[2, 2, 2]",True,3,True
conservative_21,"[2, 3, 0]",True,3,True
conservative_21,"[2, 3, 1]",True,3,True
conservative_21,"[2, 4, 0]",True,3,True
conservative_21,"[3, 0, 0]",True,1,True
conservative_21,"[3, 0, 1]",True,1,True
conservative_21,"[3, 0, 2]",True,1,True
conservative_21,"[3, 0, 3]",True,1,True
conservative_21,"[3, 1, 0]",True,2,True
conservative_21,"[3, 1, 1]",True,2,True
conservative_21,"[3, 1, 2]",True,2,True
conservative_21,"[3, 2, 0]",True,3,True
conservative_21,"[3, 2, 1]",True,3,True
conservative_21,"[3, 3, 0]",True,4,True
conservative_21,"[4, 0, 0]",True,1,True
conservative_21,"[4, 0, 1]",True,1,True
conservative_21,"[4, 0, 2]",True,1,True
conservative_21,"[4, 1, 0]",True,2,True
conservative_21,"[4, 1, 1]",True,2,True
conservative_21,"[4, 2, 0]",True,3,True
conservative_21,"[5, 0, 0]",True,1,True
conservative_21,"[5, 0, 1]",True,1,True
conservative_21,"[5, 1, 0]",True,2,True
conservative_21,"[6, 0, 0]",True,1,True
conservative_22,"[0, 0, 0]",False,1,True
conservative_22,"[0, 0, 1]",False,2,True
conservative_22,"[0, 0, 2]",False,3,True
conservative_22,"[0, 0, 3]",False,4,True
conservative_22,"[0, 0, 4]",False,5,True
conservative_22,"[0, 0, 5]",False,6,True
conservative_22,"[0, 0, 6]",False,7,True
conservative_22,"[0, 1, 0]",False,2,True
conservative_22,"[0, 1, 1]",False,4,True
conservative_22,"[0, 1, 2]",False,6,True
conservative_22,"[0, 1, 3]",False,8,True
conservative_22,"[0, 1, 4]",False,10,True
conservative_22,"[0, 1, 5]",False,12,True
conservative_22,"[0, 2, 0]",False,3,True
conservative_22,"[0, 2, 1]",True,6,True
conservative_22,"[0, 2, 2]",True,9,True
conservative_22,"[0, 2, 3]",True,12,True
conservative_22,"[0, 2, 4]",True,15,True
conservative_22,"[0, 3, 0]",False,4,True
conservative_22,"[0, 3, 1]",True,8,True
conservative_22,"[0, 3, 2]",True,12,True
conservative_22,"[0, 3, 3]",True,16,True
conservative_22,"[0, 4, 0]",False,5,True
conservative_22,"[0, 4, 1]",True,10,True
conservative_22,"[0, 4, 2]",True,15,True
conservative_22,"[0, 5, 0]",False,6,True
conservative_22,"[0, 5, 1]",True,12,True
conservative_22,"[0, 6, 0]",False,7,True
conservative_22,"[1, 0, 0]",False,1,True
conservative_22,"[1, 0, 1]",False,2,True
conservative_22,"[1, 0, 2]",False,3,True
conservative_22,"[1, 0, 3]",False,4,True
conservative_22,"[1, 0, 4]",False,5,True
conservative_22,"[1, 0, 5]",False,6,True
conservative_22,"[1, 1, 0]",False,2,True
conservative_22,"[1, 1, 1]",False,4,True
conservative_22,"[1, 1, 2]",False,6,True
conservative_22,"[1, 1, 3]",False,8,True
conservative_22,"[1, 1, 4]",False,10,True
conservative_22,"[1, 2, 0]",False,3,True
conservative_22,"[1, 2, 1]",True,6,True
conservative_22,"[1, 2, 2]",True,9,True
conservative_22,"[1, 2, 3]",True,12,True
conservative_22,"[1, 3, 0]",False,4,True
conservative_22,"[1, 3, 1]",True,8,True
conservative_22,"[1, 3, 2]",True,12,True
conservative_22,"[1, 4, 0]",False,5,True
conservative_22,"[1, 4, 1]",True,10,True
conservative_22,"[1, 5, 0]",False,6,True
conservative_22,"[2, 0, 0]",False,1,True
conservative_22,"[2, 0, 1]",False,2,True
conservative_22,"[2, 0, 2]",False,3,True
conservative_22,"[2, 0, 3]",False,4,True
conservative_22,"[2, 0, 4]",False,5,True
conservative_22,"[2, 1, 0]",False,2,True
conservative_22,"[2, 1, 1]",False,4,True
conservative_22,"[2, 1, 2]",False,6,True
conservative_22,"[2, 1, 3]",False,8,True
conservative_22,"[2, 2, 0]",False,3,True
conservative_22,"[2, 2, 1]",True,6,True
conservative_22,"[2, 2, 2]",True,9,True
conservative_22,"[2, 3, 0]",False,4,True
conservative_22,"[2, 3, 1]",True,8,True
conservative_22,"[2, 4, 0]",False,5,True
conservative_22,"[3, 0, 0]",False,1,True
conservative_22,"[3, 0, 1]",False,2,True
conservative_22,"[3, 0, 2]",False,3,True
conservative_22,"[3, 0, 3]",False,4,True
conservative_22,"[3, 1, 0]",False,2,True
conservative_22,"[3, 1, 1]",False,4,True
conservative_22,"[3, 1, 2]",False,6,True
conservative_22,"[3, 2, 0]",False,3,True
conservative_22,"[3, 2, 1]",True,6,True
conservative_22,"[3, 3, 0]",False,4,True
conservative_22,"[4, 0, 0]",False,1,True
conservative_22,"[4, 0, 1]",False,2,True
conservative_22,"[4, 0, 2]",False,3,True
conservative_22,"[4, 1, 0]",False,2,True
conservative_22,"[4, 1, 1]",False,4,True
conservative_22,"[4, 2, 0]",False,3,True
conservative_22,"[5, 0, 0]",False,1,True
conservative_22,"[5, 0, 1]",False,2,True
conservative_22,"[5, 1, 0]",False,2,True
conservative_22,"[6, 0, 0]",False,1,True
conservative_23,"[0, 0, 0]",False,1,True
conservative_23,"[0, 0, 1]",False,1,True
conservative_23,"[0, 0, 2]",False,1,True
conservative_23,"[0, 0, 3]",False,1,True
conservative_23,"[0, 0, 4]",False,1,True
conservative_23,"[0, 0, 5]",False,1,True
conservative_23,"[0, 0, 6]",False,1,True
conservative_23,"[0, 1, 0]",False,1,True
conservative_23,"[0, 1, 1]",False,1,True
conservative_23,"[0, 1, 2]",False,1,True
conservative_23,"[0, 1, 3]",False,1,True
conservative_23,"[0, 1, 4]",False,1,True
conservative_23,"[0, 1, 5]",False,1,True
conservative_23,"[0, 2, 0]",False,1,True
conservative_23,"[0, 2, 1]",False,1,True
conservative_23,"[0, 2, 2]",False,1,True
conservative_23,"[0, 2, 3]",False,1,True
conservative_23,"[0, 2, 4]",False,1,True
conservative_23,"[0, 3, 0]",False,1,True
conservative_23,"[0, 3, 1]",False,1,True
conservative_23,"[0, 3, 2]",False,1,True
conservative_23,"[0, 3, 3]",False,1,True
conservative_23,"[0, 4, 0]",False,1,True
conservative_23,"[0, 4, 1]",False,1,True
conservative_23,"[0, 4, 2]",False,1,True
conservative_23,"[0, 5, 0]",False,1,True
conservative_23,"[0, 5, 1]",False,1,True
conservative_23,"[0, 6, 0]",False,1,True
conservative_23,"[1, 0, 0]",True,1,True
conservative_23,"[1, 0, 1]",True,1,True
conservative_23,"[1, 0, 2]",True,1,True
conservative_23,"[1, 0, 3]",True,1,True
conservative_23,"[1, 0, 4]",True,1,True
conservative_23,"[1, 0, 5]",True,1,True
conservative_23,"[1, 1, 0]",True,2,True
conservative_23,"[1, 1, 1]",True,2,True
conservative_23,"[1, 1, 2]",True,2,True
conservative_23,"[1, 1, 3]",True,2,True
conservative_23,"[1, 1, 4]",True,2,True
conservative_23,"[1, 2, 0]",True,2,True
conservative_23,"[1, 2, 1]",True,2,True
conservative_23,"[1, 2, 2]",True,2,True
conservative_23,"[1, 2, 3]",True,2,True
conservative_23,"[1, 3, 0]",True,2,True
conservative_23,"[1, 3, 1]",True,2,True
conservative_23,"[1, 3, 2]",True,2,True
conservative_23,"[1, 4, 0]",True,2,True
conservative_23,"[1, 4, 1]",True,2,True
conservative_23,"[1, 5, 0]",True,2,True
conservative_23,"[2, 0, 0]",True,2,True
conservative_23,"[2, 0, 1]",True,2,True
conservative_23,"[2, 0, 2]",True,2,True
conservative_23,"[2, 0, 3]",True,2,True
conservative_23,"[2, 0, 4]",True,2,True
conservative_23,"[2, 1, 0]",True,3,True
conservative_23,"[2, 1, 1]",True,3,True
conservative_23,"[2, 1, 2]",True,3,True
conservative_23,"[2, 1, 3]",True,3,True
conservative_23,"[2, 2, 0]",True,4,True
conservative_23,"[2, 2, 1]",True,4,True
conservative_23,"[2, 2, 2]",True,4,True
conservative_23,"[2, 3, 0]",True,4,True
conservative_23,"[2, 3, 1]",True,4,True
conservative_23,"[2, 4, 0]",True,4,True
conservative_23,"[3, 0, 0]",True,3,True
conservative_23,"[3, 0, 1]",True,3,True
conservative_23,"[3, 0, 2]",True,3,True
conservative_23,"[3, 0, 3]",True,3,True
conservative_23,"[3, 1, 0]",True,4,True
conservative_23,"[3, 1, 1]",True,4,True
conservative_23,"[3, 1, 2]",True,4,True
conservative_23,"[3, 2, 0]",True,5,True
conservative_23,"[3, 2, 1]",True,5,True
conservative_23,"[3, 3, 0]",True,6,True
conservative_23,"[4, 0, 0]",True,5,True
conservative_23,"[4, 0, 1]",True,5,True
conservative_23,"[4, 0, 2]",True,5,True
conservative_23,"[4, 1, 0]",True,6,True
conservative_23,"[4, 1, 1]",True,6,True
conservative_23,"[4, 2, 0]",True,7,True
conservative_23,"[5, 0, 0]",True,6,True
conservative_23,"[5, 0, 1]",True,6,True
conservative_23,"[5, 1, 0]",True,8,True
conservative_23,"[6, 0, 0]",True,8,True
conservative_24,"[0, 0, 0]",False,1,True
conservative_24,"[0, 0, 1]",False,1,True
conservative_24,"[0, 0, 2]",False,1,True
conservative_24,"[0, 0, 3]",False,1,True
conservative_24,"[0, 0, 4]",False,1,True
conservative_24,"[0, 0, 5]",False,1,True
conservative_24,"[0, 0, 6]",False,1,True
conservative_24,"[0, 1, 0]",False,1,True
conservative_24,"[0, 1, 1]",False,1,True
conservative_24,"[0, 1, 2]",False,1,True
conservative_24,"[0, 1, 3]",False,1,True
conservative_24,"[0, 1, 4]",False,1,True
conservative_24,"[0, 1, 5]",False,1,True
conservative_24,"[0, 2, 0]",False,1,True
conservative_24,"[0, 2, 1]",False,1,True
conservative_24,"[0, 2, 2]",False,1,True
conservative_24,"[0, 2, 3]",False,1,True
conservative_24,"[0, 2, 4]",False,1,True
conservative_24,"[0, 3, 0]",False,1,True
conservative_24,"[0, 3, 1]",False,1,True
conservative_24,"[0, 3, 2]",False,1,True
conservative_24,"[0, 3, 3]",False,1,True
conservative_24,"[0, 4, 0]",False,1,True
conservative_24,"[0, 4, 1]",False,1,True
conservative_24,"[0, 4, 2]",False,1,True
conservative_24,"[0, 5, 0]",False,1,True
conservative_24,"[0, 5, 1]",False,1,True
conservative_24,"[0, 6, 0]",False,1,True
conservative_24,"[1, 0, 0]",False,2,True
conservative_24,"[1, 0, 1]",False,2,True
conservative_24,"[1, 0, 2]",False,2,True
conservative_24,"[1, 0, 3]",False,2,True
conservative_24,"[1, 0, 4]",False,2,True
conservative_24,"[1, 0, 5]",False,2,True
conservative_24,"[1, 1, 0]",False,2,True
conservative_24,"[1, 1, 1]",False,2,True
conservative_24,"[1, 1, 2]",False,2,True
conservative_24,"[1, 1, 3]",False,2,True
conservative_24,"[1, 1, 4]",False,2,True
conservative_24,"[1, 2, 0]",False,2,True
conservative_24,"[1, 2, 1]",False,2,True
conservative_24,"[1, 2, 2]",False,2,True
conservative_24,"[1, 2, 3]",False,2,True
conservative_24,"[1, 3, 0]",False,2,True
conservative_24,"[1, 3, 1]",False,2,True
conservative_24,"[1, 3, 2]",False,2,True
conservative_24,"[1, 4, 0]",False,2,True
conservative_24,"[1, 4, 1]",False,2,True
conservative_24,"[1, 5, 0]",False,2,True
conservative_24,"[2, 0, 0]",False,3,True
conservative_24,"[2, 0, 1]",False,3,True
conservative_24,"[2, 0, 2]",False,3,True
conservative_24,"[2, 0, 3]",False,3,True
conservative_24,"[2, 0, 4]",False,3,True
conservative_24,"[2, 1, 0]",False,3,True
conservative_24,"[2, 1, 1]",False,3,True
conservative_24,"[2, 1, 2]",False,3,True
conservative_24,"[2, 1, 3]",False,3,True
conservative_24,"[2, 2, 0]",False,3,True
conservative_24,"[2, 2, 1]",False,3,True
conservative_24,"[2, 2, 2]",True,3,True
conservative_24,"[2, 3, 0]",False,3,True
conservative_24,"[2, 3, 1]",False,3,True
conservative_24,"[2, 4, 0]",False,3,True
conservative_24,"[3, 0, 0]",False,4,True
conservative_24,"[3, 0, 1]",False,4,True
conservative_24,"[3, 0, 2]",False,4,True
conservative_24,"[3, 0, 3]",False,4,True
conservative_24,"[3, 1, 0]",False,4,True
conservative_24,"[3, 1, 1]",False,4,True
conservative_24,"[3, 1, 2]",False,4,True
conservative_24,"[3, 2, 0]",False,4,True
conservative_24,"[3, 2, 1]",True,4,True
conservative_24,"[3, 3, 0]",False,4,True
conservative_24,"[4, 0, 0]",False,5,True
conservative_24,"[4, 0, 1]",False,5,True
conservative_24,"[4, 0, 2]",False,5,True
conservative_24,"[4, 1, 0]",False,5,True
conservative_24,"[4, 1, 1]",False,5,True
conservative_24,"[4, 2, 0]",True,5,True
conservative_24,"[5, 0, 0]",False,6,True
conservative_24,"[5, 0, 1]",False,6,True
conservative_24,"[5, 1, 0]",False,6,True
conservative_24,"[6, 0, 0]",False,7,True
conservative_25,"[0, 0, 0]",False,1,True
conservative_25,"[0, 0, 1]",False,1,True
conservative_25,"[0, 0, 2]",False,1,True
conservative_25,"[0, 0, 3]",False,1,True
conservative_25,"[0, 0, 4]",False,1,True
conservative_25,"[0, 0, 5]",False,1,True
conservative_25,"[0, 0, 6]",False,1,True
conservative_25,"[0, 1, 0]",False,1,True
conservative_25,"[0, 1, 1]",False,2,True
conservative_25,"[0, 1, 2]",False,3,True
conservative_25,"[0, 1, 3]",False,4,True
conservative_25,"[0, 1, 4]",False,5,True
conservative_25,"[0, 1, 5]",False,6,True
conservative_25,"[0, 2, 0]",False,1,True
conservative_25,"[0, 2, 1]",False,2,True
conservative_25,"[0, 2, 2]",False,3,True
conservative_25,"[0, 2, 3]",False,4,True
conservative_25,"[0, 2, 4]",False,5,True
conservative_25,"[0, 3, 0]",False,1,True
conservative_25,"[0, 3, 1]",False,2,True
conservative_25,"[0, 3, 2]",False,3,True
conservative_25,"[0, 3, 3]",False,4,True
conservative_25,"[0, 4, 0]",False,1,True
conservative_25,"[0, 4, 1]",False,2,True
conservative_25,"[0, 4, 2]",False,3,True
conservative_25,"[0, 5, 0]",False,1,True
conservative_25,"[0, 5, 1]",False,2,True
conservative_25,"[0, 6, 0]",False,1,True
conservative_25,"[1, 0, 0]",False,1,True
conservative_25,"[1, 0, 1]",False,1,True
conservative_25,"[1, 0, 2]",False,1,True
conservative_25,"[1, 0, 3]",False,1,True
conservative_25,"[1, 0, 4]",False,1,True
conservative_25,"[1, 0, 5]",False,1,True
conservative_25,"[1, 1, 0]",False,1,True
conservative_25,"[1, 1, 1]",False,2,True
conservative_25,"[1, 1, 2]",False,3,True
conservative_25,"[1, 1, 3]",False,4,True
conservative_25,"[1, 1, 4]",False,5,True
conservative_25,"[1, 2, 0]",False,1,True
conservative_25,"[1, 2, 1]",False,2,True
conservative_25,"[1, 2, 2]",False,3,True
conservative_25,"[1, 2, 3]",False,4,True
conservative_25,"[1, 3, 0]",False,1,True
conservative_25,"[1, 3, 1]",False,2,True
conservative_25,"[1, 3, 2]",False,3,True
conservative_25,"[1, 4, 0]",False,1,True
conservative_25,"[1, 4, 1]",False,2,True
conservative_25,"[1, 5, 0]",False,1,True
conservative_25,"[2, 0, 0]",False,1,True
conservative_25,"[2, 0, 1]",False,1,True
conservative_25,"[2, 0, 2]",False,1,True
conservative_25,"[2, 0, 3]",False,1,True
conservative_25,"[2, 0, 4]",False,1,True
conservative_25,"[2, 1, 0]",False,1,True
conservative_25,"[2, 1, 1]",False,2,True
conservative_25,"[2, 1, 2]",False,3,True
conservative_25,"[2, 1, 3]",False,4,True
conservative_25,"[2, 2, 0]",False,1,True
conservative_25,"[2, 2, 1]",False,2,True
conservative_25,"[2, 2, 2]",False,3,True
conservative_25,"[2, 3, 0]",False,1,True
conservative_25,"[2, 3, 1]",False,2,True
conservative_25,"[2, 4, 0]",False,1,True
conservative_25,"[3, 0, 0]",False,1,True
conservative_25,"[3, 0, 1]",False,1,True
conservative_25,"[3, 0, 2]",False,1,True
conservative_25,"[3, 0, 3]",False,1,True
conservative_25,"[3, 1, 0]",False,1,True
conservative_25,"[3, 1, 1]",True,2,True
conservative_25,"[3, 1, 2]",True,3,True
conservative_25,"[3, 2, 0]",True,1,True
conservative_25,"[3, 2, 1]",True,2,True
conservative_25,"[3, 3, 0]",True,1,True
conservative_25,"[4, 0, 0]",False,1,True
conservative_25,"[4, 0, 1]",False,1,True
conservative_25,"[4, 0, 2]",False,1,True
conservative_25,"[4, 1, 0]",False,1,True
conservative_25,"[4, 1, 1]",True,2,True
conservative_25,"[4, 2, 0]",True,1,True
conservative_25,"[5, 0, 0]",False,1,True
conservative_25,"[5, 0, 1]",False,1,True
conservative_25,"[5, 1, 0]",False,1,True
conservative_25,"[6, 0, 0]",False,1,True
conservative_26,"[0, 0, 0]",False,1,True
conservative_26,"[0, 0, 1]",False,1,True
conservative_26,"[0, 0, 2]",False,2,True
conservative_26,"[0, 0, 3]",True,3,True
conservative_26,"[0, 0, 4]",True,4,True
conservative_26,"[0, 0, 5]",True,5,True
conservative_26,"[0, 0, 6]",True,6,True
conservative_26,"[0, 1, 0]",False,1,True
conservative_26,"[0, 1, 1]",False,1,True
conservative_26,"[0, 1, 2]",False,2,True
conservative_26,"[0, 1, 3]",True,3,True
conservative_26,"[0, 1, 4]",True,4,True
conservative_26,"[0, 1, 5]",True,5,True
conservative_26,"[0, 2, 0]",False,1,True
conservative_26,"[0, 2, 1]",False,1,True
conservative_26,"[0, 2, 2]",False,2,True
conservative_26,"[0, 2, 3]",True,3,True
conservative_26,"[0, 2, 4]",True,4,True
conservative_26,"[0, 3, 0]",False,1,True
conservative_26,"[0, 3, 1]",False,1,True
conservative_26,"[0, 3, 2]",False,2,True
conservative_26,"[0, 3, 3]",True,3,True
conservative_26,"[0, 4, 0]",False,1,True
conservative_26,"[0, 4, 1]",False,1,True
conservative_26,"[0, 4, 2]",False,2,True
conservative_26,"[0, 5, 0]",False,1,True
conservative_26,"[0, 5, 1]",False,1,True
conservative_26,"[0, 6, 0]",False,1,True
conservative_26,"[1, 0, 0]",False,1,True
conservative_26,"[1, 0, 1]",False,1,True
conservative_26,"[1, 0, 2]",False,2,True
conservative_26,"[1, 0, 3]",True,3,True
conservative_26,"[1, 0, 4]",True,4,True
conservative_26,"[1, 0, 5]",True,5,True
conservative_26,"[1, 1, 0]",False,1,True
conservative_26,"[1, 1, 1]",False,1,True
conservative_26,"[1, 1, 2]",False,2,True
conservative_26,"[1, 1, 3]",True,3,True
conservative_26,"[1, 1, 4]",True,4,True
conservative_26,"[1, 2, 0]",False,1,True
conservative_26,"[1, 2, 1]",False,1,True
conservative_26,"[1, 2, 2]",False,2,True
conservative_26,"[1, 2, 3]",True,3,True
conservative_26,"[1, 3, 0]",False,1,True
conservative_26,"[1, 3, 1]",False,1,True
conservative_26,"[1, 3, 2]",False,2,True
conservative_26,"[1, 4, 0]",False,1,True
conservative_26,"[1, 4, 1]",False,1,True
conservative_26,"[1, 5, 0]",False,1,True
conservative_26,"[2, 0, 0]",False,1,True
conservative_26,"[2, 0, 1]",False,2,True
conservative_26,"[2, 0, 2]",False,4,True
conservative_26,"[2, 0, 3]",True,6,True
conservative_26,"[2, 0, 4]",True,8,True
conservative_26,"[2, 1, 0]",False,1,True
conservative_26,"[2, 1, 1]",False,2,True
conservative_26,"[2, 1, 2]",False,4,True
conservative_26,"[2, 1, 3]",True,6,True
conservative_26,"[2, 2, 0]",False,1,True
conservative_26,"[2, 2, 1]",False,2,True
conservative_26,"[2, 2, 2]",False,4,True
conservative_26,"[2, 3, 0]",False,1,True
conservative_26,"[2, 3, 1]",False,2,True
conservative_26,"[2, 4, 0]",False,1,True
conservative_26,"[3, 0, 0]",False,1,True
conservative_26,"[3, 0, 1]",False,2,True
conservative_26,"[3, 0, 2]",False,4,True
conservative_26,"[3, 0, 3]",True,6,True
conservative_26,"[3, 1, 0]",False,1,True
conservative_26,"[3, 1, 1]",False,2,True
conservative_26,"[3, 1, 2]",False,4,True
conservative_26,"[3, 2, 0]",False,1,True
conservative_26,"[3, 2, 1]",False,2,True
conservative_26,"[3, 3, 0]",False,1,True
conservative_26,"[4, 0, 0]",False,1,True
conservative_26,"[4, 0, 1]",False,3,True
conservative_26,"[4, 0, 2]",False,6,True
conservative_26,"[4, 1, 0]",False,1,True
conservative_26,"[4, 1, 1]",False,3,True
conservative_26,"[4, 2, 0]",False,1,True
conservative_26,"[5, 0, 0]",False,1,True
conservative_26,"[5, 0, 1]",False,3,True
conservative_26,"[5, 1, 0]",False,1,True
conservative_26,"[6, 0, 0]",False,1,True
conservative_27,"[0, 0, 0]",False,1,True
conservative_27,"[0, 0, 1]",False,1,True
conservative_27,"[0, 0, 2]",False,1,True
conservative_27,"[0, 0, 3]",False,1,True
conservative_27,"[0, 0, 4]",False,1,True
conservative_27,"[0, 0, 5]",False,1,True
conservative_27,"[0, 0, 6]",False,1,True
conservative_27,"[0, 1, 0]",False,1,True
conservative_27,"[0, 1, 1]",False,1,True
conservative_27,"[0, 1, 2]",False,1,True
conservative_27,"[0, 1, 3]",False,1,True
conservative_27,"[0, 1, 4]",False,1,True
conservative_27,"[0, 1, 5]",False,1,True
conservative_27,"[0, 2, 0]",False,1,True
conservative_27,"[0, 2, 1]",False,1,True
conservative_27,"[0, 2, 2]",False,1,True
conservative_27,"[0, 2, 3]",False,1,True
conservative_27,"[0, 2, 4]",False,1,True
conservative_27,"[0, 3, 0]",False,1,True
conservative_27,"[0, 3, 1]",True,1,True
conservative_27,"[0, 3, 2]",True,1,True
conservative_27,"[0, 3, 3]",True,1,True
conservative_27,"[0, 4, 0]",False,1,True
conservative_27,"[0, 4, 1]",True,1,True
conservative_27,"[0, 4, 2]",True,1,True
conservative_27,"[0, 5, 0]",False,1,True
conservative_27,"[0, 5, 1]",True,1,True
conservative_27,"[0, 6, 0]",False,1,True
conservative_27,"[1, 0, 0]",False,2,True
conservative_27,"[1, 0, 1]",False,2,True
conservative_27,"[1, 0, 2]",False,2,True
conservative_27,"[1, 0, 3]",False,2,True
conservative_27,"[1, 0, 4]",False,2,True
conservative_27,"[1, 0, 5]",False,2,True
conservative_27,"[1, 1, 0]",False,2,True
conservative_27,"[1, 1, 1]",False,3,True
conservative_27,"[1, 1, 2]",False,3,True
conservative_27,"[1, 1, 3]",True,3,True
conservative_27,"[1, 1, 4]",True,3,True
conservative_27,"[1, 2, 0]",False,2,True
conservative_27,"[1, 2, 1]",True,4,True
conservative_27,"[1, 2, 2]",True,4,True
conservative_27,"[1, 2, 3]",True,4,True
conservative_27,"[1, 3, 0]",False,2,True
conservative_27,"[1, 3, 1]",True,5,True
conservative_27,"[1, 3, 2]",True,5,True
conservative_27,"[1, 4, 0]",False,2,True
conservative_27,"[1, 4, 1]",True,6,True
conservative_27,"[1, 5, 0]",False,2,True
conservative_27,"[2, 0, 0]",False,3,True
conservative_27,"[2, 0, 1]",False,3,True
conservative_27,"[2, 0, 2]",False,3,True
conservative_27,"[2, 0, 3]",True,3,True
conservative_27,"[2, 0, 4]",True,3,True
conservative_27,"[2, 1, 0]",False,3,True
conservative_27,"[2, 1, 1]",True,4,True
conservative_27,"[2, 1, 2]",True,4,True
conservative_27,"[2, 1, 3]",True,4,True
conservative_27,"[2, 2, 0]",False,3,True
conservative_27,"[2, 2, 1]",True,5,True
conservative_27,"[2, 2, 2]",True,5,True
conservative_27,"[2, 3, 0]",False,3,True
conservative_27,"[2, 3, 1]",True,6,True
conservative_27,"[2, 4, 0]",False,3,True
conservative_27,"[3, 0, 0]",False,4,True
conservative_27,"[3, 0, 1]",True,4,True
conservative_27,"[3, 0, 2]",True,4,True
conservative_27,"[3, 0, 3]",True,4,True
conservative_27,"[3, 1, 0]",False,4,True
conservative_27,"[3, 1, 1]",True,5,True
conservative_27,"[3, 1, 2]",True,5,True
conservative_27,"[3, 2, 0]",False,4,True
conservative_27,"[3, 2, 1]",True,6,True
conservative_27,"[3, 3, 0]",False,4,True
conservative_27,"[4, 0, 0]",False,5,True
conservative_27,"[4, 0, 1]",True,5,True
conservative_27,"[4, 0, 2]",True,5,True
conservative_27,"[4, 1, 0]",False,5,True
conservative_27,"[4, 1, 1]",True,6,True
conservative_27,"[4, 2, 0]",False,5,True
conservative_27,"[5, 0, 0]",False,6,True
conservative_27,"[5, 0, 1]",True,6,True
conservative_27,"[5, 1, 0]",False,6,True
conservative_27,"[6, 0, 0]",False,7,True
conservative_28,"[0, 0, 0]",False,1,True
conservative_28,"[0, 0, 1]",False,1,True
conservative_28,"[0, 0, 2]",True,1,True
conservative_28,"[0, 0, 3]",True,1,True
conservative_28,"[0, 0, 4]",True,1,True
conservative_28,"[0, 0, 5]",True,1,True
conservative_28,"[0, 0, 6]",True,1,True
conservative_28,"[0, 1, 0]",False,1,True
conservative_28,"[0, 1, 1]",False,2,True
conservative_28,"[0, 1, 2]",True,3,True
conservative_28,"[0, 1, 3]",True,8,True
conservative_28,"[0, 1, 4]",True,15,True
conservative_28,"[0, 1, 5]",True,22,True
conservative_28,"[0, 2, 0]",False,1,True
conservative_28,"[0, 2, 1]",True,2,True
conservative_28,"[0, 2, 2]",True,4,True
conservative_28,"[0, 2, 3]",True,9,True
conservative_28,"[0, 2, 4]",True,17,True
conservative_28,"[0, 3, 0]",False,1,True
conservative_28,"[0, 3, 1]",True,2,True
conservative_28,"[0, 3, 2]",True,4,True
conservative_28,"[0, 3, 3]",True,10,True
conservative_28,"[0, 4, 0]",False,1,True
conservative_28,"[0, 4, 1]",True,2,True
conservative_28,"[0, 4, 2]",True,4,True
conservative_28,"[0, 5, 0]",False,1,True
conservative_28,"[0, 5, 1]",True,2,True
conservative_28,"[0, 6, 0]",False,1,True
conservative_28,"[1, 0, 0]",False,1,True
conservative_28,"[1, 0, 1]",False,2,True
conservative_28,"[1, 0, 2]",True,6,True
conservative_28,"[1, 0, 3]",True,12,True
conservative_28,"[1, 0, 4]",True,18,True
conservative_28,"[1, 0, 5]",True,25,True
conservative_28,"[1, 1, 0]",False,1,True
conservative_28,"[1, 1, 1]",False,3,True
conservative_28,"[1, 1, 2]",True,7,True
conservative_28,"[1, 1, 3]",True,14,True
conservative_28,"[1, 1, 4]",True,21,True
conservative_28,"[1, 2, 0]",False,1,True
conservative_28,"[1, 2, 1]",True,3,True
conservative_28,"[1, 2, 2]",True,8,True
conservative_28,"[1, 2, 3]",True,15,True
conservative_28,"[1, 3, 0]",False,1,True
conservative_28,"[1, 3, 1]",True,3,True
conservative_28,"[1, 3, 2]",True,8,True
conservative_28,"[1, 4, 0]",False,1,True
conservative_28,"[1, 4, 1]",True,3,True
conservative_28,"[1, 5, 0]",False,1,True
conservative_28,"[2, 0, 0]",False,1,True
conservative_28,"[2, 0, 1]",False,2,True
conservative_28,"[2, 0, 2]",True,7,True
conservative_28,"[2, 0, 3]",True,14,True
conservative_28,"[2, 0, 4]",True,21,True
conservative_28,"[2, 1, 0]",True,1,True
conservative_28,"[2, 1, 1]",True,3,True
conservative_28,"[2, 1, 2]",True,8,True
conservative_28,"[2, 1, 3]",True,16,True
conservative_28,"[2, 2, 0]",True,1,True
conservative_28,"[2, 2, 1]",True,3,True
conservative_28,"[2, 2, 2]",True,9,True
conservative_28,"[2, 3, 0]",True,1,True
conservative_28,"[2, 3, 1]",True,3,True
conservative_28,"[2, 4, 0]",True,1,True
conservative_28,"[3, 0, 0]",False,1,True
conservative_28,"[3, 0, 1]",True,2,True
conservative_28,"[3, 0, 2]",True,7,True
conservative_28,"[3, 0, 3]",True,15,True
conservative_28,"[3, 1, 0]",True,1,True
conservative_28,"[3, 1, 1]",True,3,True
conservative_28,"[3, 1, 2]",True,8,True
conservative_28,"[3, 2, 0]",True,1,True
conservative_28,"[3, 2, 1]",True,3,True
conservative_28,"[3, 3, 0]",True,1,True
conservative_28,"[4, 0, 0]",False,1,True
conservative_28,"[4, 0, 1]",True,2,True
conservative_28,"[4, 0, 2]",True,7,True
conservative_28,"[4, 1, 0]",True,1,True
conservative_28,"[4, 1, 1]",True,3,True
conservative_28,"[4, 2, 0]",True,1,True
conservative_28,"[5, 0, 0]",False,1,True
conservative_28,"[5, 0, 1]",True,2,True
conservative_28,"[5, 1, 0]",True,1,True
conservative_28,"[6, 0, 0]",False,1,True
conservative_29,"[0, 0, 0]",False,1,True
conservative_29,"[0, 0, 1]",False,1,True
conservative_29,"[0, 0, 2]",False,1,True
conservative_29,"[0, 0, 3]",False,1,True
conservative_29,"[0, 0, 4]",False,1,True
conservative_29,"[0, 0, 5]",False,1,True
conservative_29,"[0, 0, 6]",False,1,True
conservative_29,"[0, 1, 0]",False,1,True
conservative_29,"[0, 1, 1]",False,1,True
conservative_29,"[0, 1, 2]",False,1,True
conservative_29,"[0, 1, 3]",False,1,True
conservative_29,"[0, 1, 4]",False,1,True
conservative_29,"[0, 1, 5]",False,1,True
conservative_29,"[0, 2, 0]",False,1,True
conservative_29,"[0, 2, 1]",False,1,True
conservative_29,"[0, 2, 2]",False,1,True
conservative_29,"[0, 2, 3]",False,1,True
conservative_29,"[0, 2, 4]",False,1,True
conservative_29,"[0, 3, 0]",False,1,True
conservative_29,"[0, 3, 1]",False,1,True
conservative_29,"[0, 3, 2]",False,1,True
conservative_29,"[0, 3, 3]",False,1,True
conservative_29,"[0, 4, 0]",False,1,True
conservative_29,"[0, 4, 1]",False,1,True
conservative_29,"[0, 4, 2]",False,1,True
conservative_29,"[0, 5, 0]",False,1,True
conservative_29,"[0, 5, 1]",False,1,True
conservative_29,"[0, 6, 0]",False,1,True
conservative_29,"[1, 0, 0]",False,1,True
conservative_29,"[1, 0, 1]",False,1,True
conservative_29,"[1, 0, 2]",False,1,True
conservative_29,"[1, 0, 3]",False,1,True
conservative_29,"[1, 0, 4]",False,1,True
conservative_29,"[1, 0, 5]",False,1,True
conservative_29,"[1, 1, 0]",False,1,True
conservative_29,"[1, 1, 1]",False,1,True
conservative_29,"[1, 1, 2]",False,1,True
conservative_29,"[1, 1, 3]",False,1,True
conservative_29,"[1, 1, 4]",False,1,True
conservative_29,"[1, 2, 0]",False,2,True
conservative_29,"[1, 2, 1]",False,2,True
conservative_29,"[1, 2, 2]",False,2,True
conservative_29,"[1, 2, 3]",False,2,True
conservative_29,"[1, 3, 0]",False,2,True
conservative_29,"[1, 3, 1]",True,2,True
conservative_29,"[1, 3, 2]",True,2,True
conservative_29,"[1, 4, 0]",False,2,True
conservative_29,"[1, 4, 1]",True,2,True
conservative_29,"[1, 5, 0]",False,2,True
conservative_29,"[2, 0, 0]",False,1,True
conservative_29,"[2, 0, 1]",False,1,True
conservative_29,"[2, 0, 2]",False,1,True
conservative_29,"[2, 0, 3]",False,1,True
conservative_29,"[2, 0, 4]",False,1,True
conservative_29,"[2, 1, 0]",False,1,True
conservative_29,"[2, 1, 1]",False,1,True
conservative_29,"[2, 1, 2]",False,1,True
conservative_29,"[2, 1, 3]",False,1,True
conservative_29,"[2, 2, 0]",False,2,True
conservative_29,"[2, 2, 1]",False,2,True
conservative_29,"[2, 2, 2]",False,2,True
conservative_29,"[2, 3, 0]",False,3,True
conservative_29,"[2, 3, 1]",True,3,True
conservative_29,"[2, 4, 0]",True,3,True
conservative_29,"[3, 0, 0]",False,1,True
conservative_29,"[3, 0, 1]",False,1,True
conservative_29,"[3, 0, 2]",False,1,True
conservative_29,"[3, 0, 3]",False,1,True
conservative_29,"[3, 1, 0]",False,1,True
conservative_29,"[3, 1, 1]",False,1,True
conservative_29,"[3, 1, 2]",False,1,True
conservative_29,"[3, 2, 0]",False,2,True
conservative_29,"[3, 2, 1]",False,2,True
conservative_29,"[3, 3, 0]",False,3,True
conservative_29,"[4, 0, 0]",False,1,True
conservative_29,"[4, 0, 1]",False,1,True
conservative_29,"[4, 0, 2]",False,1,True
conservative_29,"[4, 1, 0]",False,1,True
conservative_29,"[4, 1, 1]",False,1,True
conservative_29,"[4, 2, 0]",False,2,True
conservative_29,"[5, 0, 0]",False,1,True
conservative_29,"[5, 0, 1]",False,1,True
conservative_29,"[5, 1, 0]",False,1,True
conservative_29,"[6, 0, 0]",False,1,True
conservative_30,"[0, 0, 0]",False,1,True
conservative_30,"[0, 0, 1]",False,1,True
conservative_30,"[0, 0, 2]",False,1,True
conservative_30,"[0, 0, 3]",False,1,True
conservative_30,"[0, 0, 4]",False,1,True
conservative_30,"[0, 0, 5]",False,1,True
conservative_30,"[0, 0, 6]",False,1,True
conservative_30,"[0, 1, 0]",False,1,True
conservative_30,"[0, 1, 1]",True,1,True
conservative_30,"[0, 1, 2]",True,1,True
conservative_30,"[0, 1, 3]",True,1,True
conservative_30,"[0, 1, 4]",True,1,True
conservative_30,"[0, 1, 5]",True,1,True
conservative_30,"[0, 2, 0]",False,1,True
conservative_30,"[0, 2, 1]",True,1,True
conservative_30,"[0, 2, 2]",True,1,True
conservative_30,"[0, 2, 3]",True,1,True
conservative_30,"[0, 2, 4]",True,1,True
conservative_30,"[0, 3, 0]",False,1,True
conservative_30,"[0, 3, 1]",True,1,True
conservative_30,"[0, 3, 2]",True,1,True
conservative_30,"[0, 3, 3]",True,1,True
conservative_30,"[0, 4, 0]",False,1,True
conservative_30,"[0, 4, 1]",True,1,True
conservative_30,"[0, 4, 2]",True,1,True
conservative_30,"[0, 5, 0]",False,1,True
conservative_30,"[0, 5, 1]",True,1,True
conservative_30,"[0, 6, 0]",False,1,True
conservative_30,"[1, 0, 0]",False,1,True
conservative_30,"[1, 0, 1]",False,2,True
conservative_30,"[1, 0, 2]",True,2,True
conservative_30,"[1, 0, 3]",True,2,True
conservative_30,"[1, 0, 4]",True,2,True
conservative_30,"[1, 0, 5]",True,2,True
conservative_30,"[1, 1, 0]",False,2,True
conservative_30,"[1, 1, 1]",True,7,True
conservative_30,"[1, 1, 2]",True,12,True
conservative_30,"[1, 1, 3]",True,18,True
conservative_30,"[1, 1, 4]",True,25,True
conservative_30,"[1, 2, 0]",False,3,True
conservative_30,"[1, 2, 1]",True,9,True
conservative_30,"[1, 2, 2]",True,15,True
conservative_30,"[1, 2, 3]",True,22,True
conservative_30,"[1, 3, 0]",False,4,True
conservative_30,"[1, 3, 1]",True,11,True
conservative_30,"[1, 3, 2]",True,18,True
conservative_30,"[1, 4, 0]",False,5,True
conservative_30,"[1, 4, 1]",True,13,True
conservative_30,"[1, 5, 0]",False,6,True
conservative_30,"[2, 0, 0]",False,1,True
conservative_30,"[2, 0, 1]",False,4,True
conservative_30,"[2, 0, 2]",True,10,True
conservative_30,"[2, 0, 3]",True,16,True
conservative_30,"[2, 0, 4]",True,23,True
conservative_30,"[2, 1, 0]",False,2,True
conservative_30,"[2, 1, 1]",True,9,True
conservative_30,"[2, 1, 2]",True,15,True
conservative_30,"[2, 1, 3]",True,22,True
conservative_30,"[2, 2, 0]",False,3,True
conservative_30,"[2, 2, 1]",True,11,True
conservative_30,"[2, 2, 2]",True,18,True
conservative_30,"[2, 3, 0]",False,4,True
conservative_30,"[2, 3, 1]",True,13,True
conservative_30,"[2, 4, 0]",False,5,True
conservative_30,"[3, 0, 0]",False,2,True
conservative_30,"[3, 0, 1]",True,9,True
conservative_30,"[3, 0, 2]",True,15,True
conservative_30,"[3, 0, 3]",True,22,True
conservative_30,"[3, 1, 0]",False,3,True
conservative_30,"[3, 1, 1]",True,11,True
conservative_30,"[3, 1, 2]",True,18,True
conservative_30,"[3, 2, 0]",False,4,True
conservative_30,"[3, 2, 1]",True,13,True
conservative_30,"[3, 3, 0]",False,5,True
conservative_30,"[4, 0, 0]",False,3,True
conservative_30,"[4, 0, 1]",True,11,True
conservative_30,"[4, 0, 2]",True,18,True
conservative_30,"[4, 1, 0]",False,4,True
conservative_30,"[4, 1, 1]",True,13,True
conservative_30,"[4, 2, 0]",False,5,True
conservative_30,"[5, 0, 0]",False,4,True
conservative_30,"[5, 0, 1]",True,13,True
conservative_30,"[5, 1, 0]",False,5,True
conservative_30,"[6, 0, 0]",False,5,True
conservative_31,"[0, 0, 0]",False,1,True
conservative_31,"[0, 0, 1]",False,1,True
conservative_31,"[0, 0, 2]",False,1,True
conservative_31,"[0, 0, 3]",False,1,True
conservative_31,"[0, 0, 4]",False,1,True
conservative_31,"[0, 0, 5]",False,1,True
conservative_31,"[0, 0, 6]",False,1,True
conservative_31,"[0, 1, 0]",False,1,True
conservative_31,"[0, 1, 1]",False,1,True
conservative_31,"[0, 1, 2]",False,2,True
conservative_31,"[0, 1, 3]",False,3,True
conservative_31,"[0, 1, 4]",False,4,True
conservative_31,"[0, 1, 5]",False,5,True
conservative_31,"[0, 2, 0]",False,1,True
conservative_31,"[0, 2, 1]",False,1,True
conservative_31,"[0, 2, 2]",False,2,True
conservative_31,"[0, 2, 3]",False,3,True
conservative_31,"[0, 2, 4]",False,4,True
conservative_31,"[0, 3, 0]",False,1,True
conservative_31,"[0, 3, 1]",False,1,True
conservative_31,"[0, 3, 2]",False,2,True
conservative_31,"[0, 3, 3]",False,3,True
conservative_31,"[0, 4, 0]",False,1,True
conservative_31,"[0, 4, 1]",False,1,True
conservative_31,"[0, 4, 2]",False,2,True
conservative_31,"[0, 5, 0]",False,1,True
conservative_31,"[0, 5, 1]",False,1,True
conservative_31,"[0, 6, 0]",False,1,True
conservative_31,"[1, 0, 0]",False,1,True
conservative_31,"[1, 0, 1]",False,1,True
conservative_31,"[1, 0, 2]",False,4,True
conservative_31,"[1, 0, 3]",False,6,True
conservative_31,"[1, 0, 4]",False,8,True
conservative_31,"[1, 0, 5]",False,10,True
conservative_31,"[1, 1, 0]",False,2,True
conservative_31,"[1, 1, 1]",False,3,True
conservative_31,"[1, 1, 2]",False,5,True
conservative_31,"[1, 1, 3]",False,7,True
conservative_31,"[1, 1, 4]",False,9,True
conservative_31,"[1, 2, 0]",False,2,True
conservative_31,"[1, 2, 1]",False,3,True
conservative_31,"[1, 2, 2]",False,5,True
conservative_31,"[1, 2, 3]",False,7,True
conservative_31,"[1, 3, 0]",False,2,True
conservative_31,"[1, 3, 1]",False,3,True
conservative_31,"[1, 3, 2]",False,5,True
conservative_31,"[1, 4, 0]",False,2,True
conservative_31,"[1, 4, 1]",False,3,True
conservative_31,"[1, 5, 0]",False,2,True
conservative_31,"[2, 0, 0]",False,1,True
conservative_31,"[2, 0, 1]",False,1,True
conservative_31,"[2, 0, 2]",False,7,True
conservative_31,"[2, 0, 3]",False,10,True
conservative_31,"[2, 0, 4]",False,13,True
conservative_31,"[2, 1, 0]",False,4,True
conservative_31,"[2, 1, 1]",False,6,True
conservative_31,"[2, 1, 2]",False,9,True
conservative_31,"[2, 1, 3]",False,12,True
conservative_31,"[2, 2, 0]",False,4,True
conservative_31,"[2, 2, 1]",False,6,True
conservative_31,"[2, 2, 2]",False,9,True
conservative_31,"[2, 3, 0]",False,4,True
conservative_31,"[2, 3, 1]",False,6,True
conservative_31,"[2, 4, 0]",False,4,True
conservative_31,"[3, 0, 0]",False,1,True
conservative_31,"[3, 0, 1]",False,1,True
conservative_31,"[3, 0, 2]",False,11,True
conservative_31,"[3, 0, 3]",False,15,True
conservative_31,"[3, 1, 0]",False,7,True
conservative_31,"[3, 1, 1]",False,10,True
conservative_31,"[3, 1, 2]",False,14,True
conservative_31,"[3, 2, 0]",False,7,True
conservative_31,"[3, 2, 1]",False,10,True
conservative_31,"[3, 3, 0]",True,7,True
conservative_31,"[4, 0, 0]",False,1,True
conservative_31,"[4, 0, 1]",False,1,True
conservative_31,"[4, 0, 2]",False,16,True
conservative_31,"[4, 1, 0]",False,11,True
conservative_31,"[4, 1, 1]",False,15,True
conservative_31,"[4, 2, 0]",False,11,True
conservative_31,"[5, 0, 0]",False,1,True
conservative_31,"[5, 0, 1]",False,1,True
conservative_31,"[5, 1, 0]",False,16,True
conservative_31,"[6, 0, 0]",False,1,True
conservative_32,"[0, 0, 0]",False,1,True
conservative_32,"[0, 0, 1]",False,2,True
conservative_32,"[0, 0, 2]",True,6,True
conservative_32,"[0, 0, 3]",True,10,True
conservative_32,"[0, 0, 4]",True,15,True
conservative_32,"[0, 0, 5]",True,21,True
conservative_32,"[0, 0, 6]",True,28,True
conservative_32,"[0, 1, 0]",False,3,True
conservative_32,"[0, 1, 1]",True,6,True
conservative_32,"[0, 1, 2]",True,10,True
conservative_32,"[0, 1, 3]",True,15,True
conservative_32,"[0, 1, 4]",True,21,True
conservative_32,"[0, 1, 5]",True,28,True
conservative_32,"[0, 2, 0]",True,6,True
conservative_32,"[0, 2, 1]",True,10,True
conservative_32,"[0, 2, 2]",True,15,True
conservative_32,"[0, 2, 3]",True,21,True
conservative_32,"[0, 2, 4]",True,28,True
conservative_32,"[0, 3, 0]",True,10,True
conservative_32,"[0, 3, 1]",True,15,True
conservative_32,"[0, 3, 2]",True,21,True
conservative_32,"[0, 3, 3]",True,28,True
conservative_32,"[0, 4, 0]",True,15,True
conservative_32,"[0, 4, 1]",True,21,True
conservative_32,"[0, 4, 2]",True,28,True
conservative_32,"[0, 5, 0]",True,21,True
conservative_32,"[0, 5, 1]",True,28,True
conservative_32,"[0, 6, 0]",True,28,True
conservative_32,"[1, 0, 0]",False,2,True
conservative_32,"[1, 0, 1]",True,6,True
conservative_32,"[1, 0, 2]",True,10,True
conservative_32,"[1, 0, 3]",True,15,True
conservative_32,"[1, 0, 4]",True,21,True
conservative_32,"[1, 0, 5]",True,28,True
conservative_32,"[1, 1, 0]",True,6,True
conservative_32,"[1, 1, 1]",True,10,True
conservative_32,"[1, 1, 2]",True,15,True
conservative_32,"[1, 1, 3]",True,21,True
conservative_32,"[1, 1, 4]",True,28,True
conservative_32,"[1, 2, 0]",True,10,True
conservative_32,"[1, 2, 1]",True,15,True
conservative_32,"[1, 2, 2]",True,21,True
conservative_32,"[1, 2, 3]",True,28,True
conservative_32,"[1, 3, 0]",True,15,True
conservative_32,"[1, 3, 1]",True,21,True
conservative_32,"[1, 3, 2]",True,28,True
conservative_32,"[1, 4, 0]",True,21,True
conservative_32,"[1, 4, 1]",True,28,True
conservative_32,"[1, 5, 0]",True,28,True
conservative_32,"[2, 0, 0]",True,6,True
conservative_32,"[2, 0, 1]",True,10,True
conservative_32,"[2, 0, 2]",True,15,True
conservative_32,"[2, 0, 3]",True,21,True
conservative_32,"[2, 0, 4]",True,28,True
conservative_32,"[2, 1, 0]",True,10,True
conservative_32,"[2, 1, 1]",True,15,True
conservative_32,"[2, 1, 2]",True,21,True
conservative_32,"[2, 1, 3]",True,28,True
conservative_32,"[2, 2, 0]",True,15,True
conservative_32,"[2, 2, 1]",True,21,True
conservative_32,"[2, 2, 2]",True,28,True
conservative_32,"[2, 3, 0]",True,21,True
conservative_32,"[2, 3, 1]",True,28,True
conservative_32,"[2, 4, 0]",True,28,True
conservative_32,"[3, 0, 0]",True,10,True
conservative_32,"[3, 0, 1]",True,15,True
conservative_32,"[3, 0, 2]",True,21,True
conservative_32,"[3, 0, 3]",True,28,True
conservative_32,"[3, 1, 0]",True,15,True
conservative_32,"[3, 1, 1]",True,21,True
conservative_32,"[3, 1, 2]",True,28,True
conservative_32,"[3, 2, 0]",True,21,True
conservative_32,"[3, 2, 1]",True,28,True
conservative_32,"[3, 3, 0]",True,28,True
conservative_32,"[4, 0, 0]",True,15,True
conservative_32,"[4, 0, 1]",True,21,True
conservative_32,"[4, 0, 2]",True,28,True
conservative_32,"[4, 1, 0]",True,21,True
conservative_32,"[4, 1, 1]",True,28,True
conservative_32,"[4, 2, 0]",True,28,True
conservative_32,"[5, 0, 0]",True,21,True
conservative_32,"[5, 0, 1]",True,28,True
conservative_32,"[5, 1, 0]",True,28,True
conservative_32,"[6, 0, 0]",True,28,True
conservative_33,"[0, 0, 0]",False,1,True
conservative_33,"[0, 0, 1]",False,1,True
conservative_33,"[0, 0, 2]",False,1,True
conservative_33,"[0, 0, 3]",False,1,True
conservative_33,"[0, 0, 4]",False,1,True
conservative_33,"[0, 0, 5]",False,1,True
conservative_33,"[0, 0, 6]",False,1,True
conservative_33,"[0, 1, 0]",False,1,True
conservative_33,"[0, 1, 1]",False,3,True
conservative_33,"[0, 1, 2]",False,3,True
conservative_33,"[0, 1, 3]",False,3,True
conservative_33,"[0, 1, 4]",False,3,True
conservative_33,"[0, 1, 5]",False,3,True
conservative_33,"[0, 2, 0]",False,1,True
conservative_33,"[0, 2, 1]",True,6,True
conservative_33,"[0, 2, 2]",True,6,True
conservative_33,"[0, 2, 3]",True,6,True
conservative_33,"[0, 2, 4]",True,6,True
conservative_33,"[0, 3, 0]",False,1,True
conservative_33,"[0, 3, 1]",True,10,True
conservative_33,"[0, 3, 2]",True,10,True
conservative_33,"[0, 3, 3]",True,10,True
conservative_33,"[0, 4, 0]",False,1,True
conservative_33,"[0, 4, 1]",True,15,True
conservative_33,"[0, 4, 2]",True,15,True
conservative_33,"[0, 5, 0]",False,1,True
conservative_33,"[0, 5, 1]",True,21,True
conservative_33,"[0, 6, 0]",False,1,True
conservative_33,"[1, 0, 0]",False,1,True
conservative_33,"[1, 0, 1]",False,1,True
conservative_33,"[1, 0, 2]",False,1,True
conservative_33,"[1, 0, 3]",False,1,True
conservative_33,"[1, 0, 4]",False,1,True
conservative_33,"[1, 0, 5]",False,1,True
conservative_33,"[1, 1, 0]",False,1,True
conservative_33,"[1, 1, 1]",True,6,True
conservative_33,"[1, 1, 2]",True,6,True
conservative_33,"[1, 1, 3]",True,6,True
conservative_33,"[1, 1, 4]",True,6,True
conservative_33,"[1, 2, 0]",False,1,True
conservative_33,"[1, 2, 1]",True,10,True
conservative_33,"[1, 2, 2]",True,10,True
conservative_33,"[1, 2, 3]",True,10,True
conservative_33,"[1, 3, 0]",False,1,True
conservative_33,"[1, 3, 1]",True,15,True
conservative_33,"[1, 3, 2]",True,15,True
conservative_33,"[1, 4, 0]",False,1,True
conservative_33,"[1, 4, 1]",True,21,True
conservative_33,"[1, 5, 0]",False,1,True
conservative_33,"[2, 0, 0]",False,1,True
conservative_33,"[2, 0, 1]",True,1,True
conservative_33,"[2, 0, 2]",True,1,True
conservative_33,"[2, 0, 3]",True,1,True
conservative_33,"[2, 0, 4]",True,1,True
conservative_33,"[2, 1, 0]",False,1,True
conservative_33,"[2, 1, 1]",True,10,True
conservative_33,"[2, 1, 2]",True,10,True
conservative_33,"[2, 1, 3]",True,10,True
conservative_33,"[2, 2, 0]",False,1,True
conservative_33,"[2, 2, 1]",True,15,True
conservative_33,"[2, 2, 2]",True,15,True
conservative_33,"[2, 3, 0]",False,1,True
conservative_33,"[2, 3, 1]",True,21,True
conservative_33,"[2, 4, 0]",False,1,True
conservative_33,"[3, 0, 0]",False,1,True
conservative_33,"[3, 0, 1]",True,1,True
conservative_33,"[3, 0, 2]",True,1,True
conservative_33,"[3, 0, 3]",True,1,True
conservative_33,"[3, 1, 0]",False,1,True
conservative_33,"[3, 1, 1]",True,15,True
conservative_33,"[3, 1, 2]",True,15,True
conservative_33,"[3, 2, 0]",False,1,True
conservative_33,"[3, 2, 1]",True,21,True
conservative_33,"[3, 3, 0]",True,1,True
conservative_33,"[4, 0, 0]",False,1,True
conservative_33,"[4, 0, 1]",True,1,True
conservative_33,"[4, 0, 2]",True,1,True
conservative_33,"[4, 1, 0]",False,1,True
conservative_33,"[4, 1, 1]",True,21,True
conservative_33,"[4, 2, 0]",False,1,True
conservative_33,"[5, 0, 0]",False,1,True
conservative_33,"[5, 0, 1]",True,1,True
conservative_33,"[5, 1, 0]",False,1,True
conservative_33,"[6, 0, 0]",False,1,True
conservative_34,"[0, 0, 0]",True,1,True
conservative_34,"[0, 0, 1]",True,1,True
conservative_34,"[0, 0, 2]",True,1,True
conservative_34,"[0, 0, 3]",True,1,True
conservative_34,"[0, 0, 4]",True,1,True
conservative_34,"[0, 0, 5]",True,1,True
conservative_34,"[0, 0, 6]",True,1,True
conservative_34,"[0, 1, 0]",True,1,True
conservative_34,"[0, 1, 1]",True,1,True
conservative_34,"[0, 1, 2]",True,1,True
conservative_34,"[0, 1, 3]",True,1,True
conservative_34,"[0, 1, 4]",True,1,True
conservative_34,"[0, 1, 5]",True,1,True
conservative_34,"[0, 2, 0]",True,1,True
conservative_34,"[0, 2, 1]",True,1,True
conservative_34,"[0, 2, 2]",True,1,True
conservative_34,"[0, 2, 3]",True,1,True
conservative_34,"[0, 2, 4]",True,1,True
conservative_34,"[0, 3, 0]",True,1,True
conservative_34,"[0, 3, 1]",True,1,True
conservative_34,"[0, 3, 2]",True,1,True
conservative_34,"[0, 3, 3]",True,1,True
conservative_34,"[0, 4, 0]",True,1,True
conservative_34,"[0, 4, 1]",True,1,True
conservative_34,"[0, 4, 2]",True,1,True
conservative_34,"[0, 5, 0]",True,1,True
conservative_34,"[0, 5, 1]",True,1,True
conservative_34,"[0, 6, 0]",True,1,True
conservative_34,"[1, 0, 0]",True,1,True
conservative_34,"[1, 0, 1]",True,1,True
conservative_34,"[1, 0, 2]",True,1,True
conservative_34,"[1, 0, 3]",True,1,True
conservative_34,"[1, 0, 4]",True,1,True
conservative_34,"[1, 0, 5]",True,1,True
conservative_34,"[1, 1, 0]",True,1,True
conservative_34,"[1, 1, 1]",True,1,True
conservative_34,"[1, 1, 2]",True,1,True
conservative_34,"[1, 1, 3]",True,1,True
conservative_34,"[1, 1, 4]",True,1,True
conservative_34,"[1, 2, 0]",True,1,True
conservative_34,"[1, 2, 1]",True,1,True
conservative_34,"[1, 2, 2]",True,1,True
conservative_34,"[1, 2, 3]",True,1,True
conservative_34,"[1, 3, 0]",True,1,True
conservative_34,"[1, 3, 1]",True,1,True
conservative_34,"[1, 3, 2]",True,1,True
conservative_34,"[1, 4, 0]",True,1,True
conservative_34,"[1, 4, 1]",True,1,True
conservative_34,"[1, 5, 0]",True,1,True
conservative_34,"[2, 0, 0]",True,1,True
conservative_34,"[2, 0, 1]",True,1,True
conservative_34,"[2, 0, 2]",True,1,True
conservative_34,"[2, 0, 3]",True,1,True
conservative_34,"[2, 0, 4]",True,1,True
conservative_34,"[2, 1, 0]",True,2,True
conservative_34,"[2, 1, 1]",True,2,True
conservative_34,"[2, 1, 2]",True,2,True
conservative_34,"[2, 1, 3]",True,2,True
conservative_34,"[2, 2, 0]",True,2,True
conservative_34,"[2, 2, 1]",True,2,True
conservative_34,"[2, 2, 2]",True,2,True
conservative_34,"[2, 3, 0]",True,2,True
conservative_34,"[2, 3, 1]",True,2,True
conservative_34,"[2, 4, 0]",True,2,True
conservative_34,"[3, 0, 0]",True,1,True
conservative_34,"[3, 0, 1]",True,1,True
conservative_34,"[3, 0, 2]",True,1,True
conservative_34,"[3, 0, 3]",True,1,True
conservative_34,"[3, 1, 0]",True,3,True
conservative_34,"[3, 1, 1]",True,3,True
conservative_34,"[3, 1, 2]",True,3,True
conservative_34,"[3, 2, 0]",True,3,True
conservative_34,"[3, 2, 1]",True,3,True
conservative_34,"[3, 3, 0]",True,3,True
conservative_34,"[4, 0, 0]",True,1,True
conservative_34,"[4, 0, 1]",True,1,True
conservative_34,"[4, 0, 2]",True,1,True
conservative_34,"[4, 1, 0]",True,4,True
conservative_34,"[4, 1, 1]",True,4,True
conservative_34,"[4, 2, 0]",True,4,True
conservative_34,"[5, 0, 0]",True,1,True
conservative_34,"[5, 0, 1]",True,1,True
conservative_34,"[5, 1, 0]",True,5,True
conservative_34,"[6, 0, 0]",True,1,True
conservative_35,"[0, 0, 0]",False,1,True
conservative_35,"[0, 0, 1]",False,1,True
conservative_35,"[0, 0, 2]",False,1,True
conservative_35,"[0, 0, 3]",False,1,True
conservative_35,"[0, 0, 4]",False,1,True
conservative_35,"[0, 0, 5]",False,1,True
conservative_35,"[0, 0, 6]",False,1,True
conservative_35,"[0, 1, 0]",False,1,True
conservative_35,"[0, 1, 1]",False,1,True
conservative_35,"[0, 1, 2]",False,1,True
conservative_35,"[0, 1, 3]",False,1,True
conservative_35,"[0, 1, 4]",False,1,True
conservative_35,"[0, 1, 5]",False,1,True
conservative_35,"[0, 2, 0]",False,1,True
conservative_35,"[0, 2, 1]",False,1,True
conservative_35,"[0, 2, 2]",False,1,True
conservative_35,"[0, 2, 3]",False,1,True
conservative_35,"[0, 2, 4]",False,1,True
conservative_35,"[0, 3, 0]",False,1,True
conservative_35,"[0, 3, 1]",False,1,True
conservative_35,"[0, 3, 2]",False,1,True
conservative_35,"[0, 3, 3]",False,1,True
conservative_35,"[0, 4, 0]",False,1,True
conservative_35,"[0, 4, 1]",False,1,True
conservative_35,"[0, 4, 2]",False,1,True
conservative_35,"[0, 5, 0]",False,1,True
conservative_35,"[0, 5, 1]",False,1,True
conservative_35,"[0, 6, 0]",False,1,True
conservative_35,"[1, 0, 0]",False,1,True
conservative_35,"[1, 0, 1]",False,2,True
conservative_35,"[1, 0, 2]",False,3,True
conservative_35,"[1, 0, 3]",False,4,True
conservative_35,"[1, 0, 4]",False,5,True
conservative_35,"[1, 0, 5]",False,6,True
conservative_35,"[1, 1, 0]",False,1,True
conservative_35,"[1, 1, 1]",False,2,True
conservative_35,"[1, 1, 2]",False,3,True
conservative_35,"[1, 1, 3]",False,4,True
conservative_35,"[1, 1, 4]",False,5,True
conservative_35,"[1, 2, 0]",False,1,True
conservative_35,"[1, 2, 1]",False,2,True
conservative_35,"[1, 2, 2]",False,3,True
conservative_35,"[1, 2, 3]",False,4,True
conservative_35,"[1, 3, 0]",False,1,True
conservative_35,"[1, 3, 1]",False,2,True
conservative_35,"[1, 3, 2]",False,3,True
conservative_35,"[1, 4, 0]",False,1,True
conservative_35,"[1, 4, 1]",False,2,True
conservative_35,"[1, 5, 0]",False,1,True
conservative_35,"[2, 0, 0]",False,1,True
conservative_35,"[2, 0, 1]",False,2,True
conservative_35,"[2, 0, 2]",False,3,True
conservative_35,"[2, 0, 3]",False,4,True
conservative_35,"[2, 0, 4]",False,5,True
conservative_35,"[2, 1, 0]",False,1,True
conservative_35,"[2, 1, 1]",False,2,True
conservative_35,"[2, 1, 2]",False,3,True
conservative_35,"[2, 1, 3]",False,4,True
conservative_35,"[2, 2, 0]",False,1,True
conservative_35,"[2, 2, 1]",False,2,True
conservative_35,"[2, 2, 2]",False,3,True
conservative_35,"[2, 3, 0]",False,1,True
conservative_35,"[2, 3, 1]",False,2,True
conservative_35,"[2, 4, 0]",False,1,True
conservative_35,"[3, 0, 0]",False,1,True
conservative_35,"[3, 0, 1]",False,2,True
conservative_35,"[3, 0, 2]",False,3,True
conservative_35,"[3, 0, 3]",False,4,True
conservative_35,"[3, 1, 0]",False,1,True
conservative_35,"[3, 1, 1]",False,2,True
conservative_35,"[3, 1, 2]",False,3,True
conservative_35,"[3, 2, 0]",False,1,True
conservative_35,"[3, 2, 1]",False,2,True
conservative_35,"[3, 3, 0]",False,1,True
conservative_35,"[4, 0, 0]",False,1,True
conservative_35,"[4, 0, 1]",False,2,True
conservative_35,"[4, 0, 2]",False,3,True
conservative_35,"[4, 1, 0]",False,1,True
conservative_35,"[4, 1, 1]",False,2,True
conservative_35,"[4, 2, 0]",False,1,True
conservative_35,"[5, 0, 0]",False,1,True
conservative_35,"[5, 0, 1]",False,2,True
conservative_35,"[5, 1, 0]",False,1,True
conservative_35,"[6, 0, 0]",False,1,True
conservative_36,"[0, 0, 0]",False,1,True
conservative_36,"[0, 0, 1]",False,1,True
conservative_36,"[0, 0, 2]",True,1,True
conservative_36,"[0, 0, 3]",True,1,True
conservative_36,"[0, 0, 4]",True,1,True
conservative_36,"[0, 0, 5]",True,1,True
conservative_36,"[0, 0, 6]",True,1,True
conservative_36,"[0, 1, 0]",True,2,True
conservative_36,"[0, 1, 1]",True,2,True
conservative_36,"[0, 1, 2]",True,2,True
conservative_36,"[0, 1, 3]",True,2,True
conservative_36,"[0, 1, 4]",True,2,True
conservative_36,"[0, 1, 5]",True,2,True
conservative_36,"[0, 2, 0]",True,3,True
conservative_36,"[0, 2, 1]",True,3,True
conservative_36,"[0, 2, 2]",True,3,True
conservative_36,"[0, 2, 3]",True,3,True
conservative_36,"[0, 2, 4]",True,3,True
conservative_36,"[0, 3, 0]",True,4,True
conservative_36,"[0, 3, 1]",True,4,True
conservative_36,"[0, 3, 2]",True,4,True
conservative_36,"[0, 3, 3]",True,4,True
conservative_36,"[0, 4, 0]",True,5,True
conservative_36,"[0, 4, 1]",True,5,True
conservative_36,"[0, 4, 2]",True,5,True
conservative_36,"[0, 5, 0]",True,6,True
conservative_36,"[0, 5, 1]",True,6,True
conservative_36,"[0, 6, 0]",True,7,True
conservative_36,"[1, 0, 0]",False,1,True
conservative_36,"[1, 0, 1]",False,1,True
conservative_36,"[1, 0, 2]",True,1,True
conservative_36,"[1, 0, 3]",True,1,True
conservative_36,"[1, 0, 4]",True,1,True
conservative_36,"[1, 0, 5]",True,1,True
conservative_36,"[1, 1, 0]",True,2,True
conservative_36,"[1, 1, 1]",True,2,True
conservative_36,"[1, 1, 2]",True,2,True
conservative_36,"[1, 1, 3]",True,2,True
conservative_36,"[1, 1, 4]",True,2,True
conservative_36,"[1, 2, 0]",True,3,True
conservative_36,"[1, 2, 1]",True,3,True
conservative_36,"[1, 2, 2]",True,3,True
conservative_36,"[1, 2, 3]",True,3,True
conservative_36,"[1, 3, 0]",True,4,True
conservative_36,"[1, 3, 1]",True,4,True
conservative_36,"[1, 3, 2]",True,4,True
conservative_36,"[1, 4, 0]",True,5,True
conservative_36,"[1, 4, 1]",True,5,True
conservative_36,"[1, 5, 0]",True,6,True
conservative_36,"[2, 0, 0]",False,1,True
conservative_36,"[2, 0, 1]",False,1,True
conservative_36,"[2, 0, 2]",True,1,True
conservative_36,"[2, 0, 3]",True,1,True
conservative_36,"[2, 0, 4]",True,1,True
conservative_36,"[2, 1, 0]",True,2,True
conservative_36,"[2, 1, 1]",True,2,True
conservative_36,"[2, 1, 2]",True,2,True
conservative_36,"[2, 1, 3]",True,2,True
conservative_36,"[2, 2, 0]",True,3,True
conservative_36,"[2, 2, 1]",True,3,True
conservative_36,"[2, 2, 2]",True,3,True
conservative_36,"[2, 3, 0]",True,4,True
conservative_36,"[2, 3, 1]",True,4,True
conservative_36,"[2, 4, 0]",True,5,True
conservative_36,"[3, 0, 0]",False,1,True
conservative_36,"[3, 0, 1]",False,1,True
conservative_36,"[3, 0, 2]",True,1,True
conservative_36,"[3, 0, 3]",True,1,True
conservative_36,"[3, 1, 0]",True,2,True
conservative_36,"[3, 1, 1]",True,2,True
conservative_36,"[3, 1, 2]",True,2,True
conservative_36,"[3, 2, 0]",True,3,True
conservative_36,"[3, 2, 1]",True,3,True
conservative_36,"[3, 3, 0]",True,4,True
conservative_36,"[4, 0, 0]",False,1,True
conservative_36,"[4, 0, 1]",False,1,True
conservative_36,"[4, 0, 2]",True,1,True
conservative_36,"[4, 1, 0]",True,2,True
conservative_36,"[4, 1, 1]",True,2,True
conservative_36,"[4, 2, 0]",True,3,True
conservative_36,"[5, 0, 0]",False,1,True
conservative_36,"[5, 0, 1]",False,1,True
conservative_36,"[5, 1, 0]",True,2,True
conservative_36,"[6, 0, 0]",False,1,True
conservative_37,"[0, 0, 0]",False,1,True
conservative_37,"[0, 0, 1]",False,1,True
conservative_37,"[0, 0, 2]",False,2,True
conservative_37,"[0, 0, 3]",False,3,True
conservative_37,"[0, 0, 4]",False,4,True
conservative_37,"[0, 0, 5]",False,5,True
conservative_37,"[0, 0, 6]",False,6,True
conservative_37,"[0, 1, 0]",False,1,True
conservative_37,"[0, 1, 1]",False,1,True
conservative_37,"[0, 1, 2]",False,2,True
conservative_37,"[0, 1, 3]",False,3,True
conservative_37,"[0, 1, 4]",False,4,True
conservative_37,"[0, 1, 5]",False,5,True
conservative_37,"[0, 2, 0]",False,1,True
conservative_37,"[0, 2, 1]",False,1,True
conservative_37,"[0, 2, 2]",False,2,True
conservative_37,"[0, 2, 3]",False,3,True
conservative_37,"[0, 2, 4]",False,4,True
conservative_37,"[0, 3, 0]",False,1,True
conservative_37,"[0, 3, 1]",False,1,True
conservative_37,"[0, 3, 2]",False,2,True
conservative_37,"[0, 3, 3]",False,3,True
conservative_37,"[0, 4, 0]",False,1,True
conservative_37,"[0, 4, 1]",False,1,True
conservative_37,"[0, 4, 2]",False,2,True
conservative_37,"[0, 5, 0]",False,1,True
conservative_37,"[0, 5, 1]",False,1,True
conservative_37,"[0, 6, 0]",False,1,True
conservative_37,"[1, 0, 0]",False,1,True
conservative_37,"[1, 0, 1]",True,1,True
conservative_37,"[1, 0, 2]",True,2,True
conservative_37,"[1, 0, 3]",True,3,True
conservative_37,"[1, 0, 4]",True,4,True
conservative_37,"[1, 0, 5]",True,5,True
conservative_37,"[1, 1, 0]",False,1,True
conservative_37,"[1, 1, 1]",True,1,True
conservative_37,"[1, 1, 2]",True,2,True
conservative_37,"[1, 1, 3]",True,3,True
conservative_37,"[1, 1, 4]",True,4,True
conservative_37,"[1, 2, 0]",False,1,True
conservative_37,"[1, 2, 1]",True,1,True
conservative_37,"[1, 2, 2]",True,2,True
conservative_37,"[1, 2, 3]",True,3,True
conservative_37,"[1, 3, 0]",False,1,True
conservative_37,"[1, 3, 1]",True,1,True
conservative_37,"[1, 3, 2]",True,2,True
conservative_37,"[1, 4, 0]",False,1,True
conservative_37,"[1, 4, 1]",True,1,True
conservative_37,"[1, 5, 0]",False,1,True
conservative_37,"[2, 0, 0]",False,1,True
conservative_37,"[2, 0, 1]",True,1,True
conservative_37,"[2, 0, 2]",True,2,True
conservative_37,"[2, 0, 3]",True,3,True
conservative_37,"[2, 0, 4]",True,4,True
conservative_37,"[2, 1, 0]",False,1,True
conservative_37,"[2, 1, 1]",True,1,True
conservative_37,"[2, 1, 2]",True,2,True
conservative_37,"[2, 1, 3]",True,3,True
conservative_37,"[2, 2, 0]",False,1,True
conservative_37,"[2, 2, 1]",True,1,True
conservative_37,"[2, 2, 2]",True,2,True
conservative_37,"[2, 3, 0]",False,1,True
conservative_37,"[2, 3, 1]",True,1,True
conservative_37,"[2, 4, 0]",False,1,True
conservative_37,"[3, 0, 0]",False,1,True
conservative_37,"[3, 0, 1]",True,1,True
conservative_37,"[3, 0, 2]",True,2,True
conservative_37,"[3, 0, 3]",True,3,True
conservative_37,"[3, 1, 0]",False,1,True
conservative_37,"[3, 1, 1]",True,1,True
conservative_37,"[3, 1, 2]",True,2,True
conservative_37,"[3, 2, 0]",False,1,True
conservative_37,"[3, 2, 1]",True,1,True
conservative_37,"[3, 3, 0]",False,1,True
conservative_37,"[4, 0, 0]",False,1,True
conservative_37,"[4, 0, 1]",True,1,True
conservative_37,"[4, 0, 2]",True,2,True
conservative_37,"[4, 1, 0]",False,1,True
conservative_37,"[4, 1, 1]",True,1,True
conservative_37,"[4, 2, 0]",False,1,True
conservative_37,"[5, 0, 0]",False,1,True
conservative_37,"[5, 0, 1]",True,1,True
conservative_37,"[5, 1, 0]",False,1,True
conservative_37,"[6, 0, 0]",False,1,True
conservative_38,"[0, 0, 0]",False,1,True
conservative_38,"[0, 0, 1]",False,2,True
conservative_38,"[0, 0, 2]",False,3,True
conservative_38,"[0, 0, 3]",False,4,True
conservative_38,"[0, 0, 4]",False,5,True
conservative_38,"[0, 0, 5]",False,6,True
conservative_38,"[0, 0, 6]",False,7,True
conservative_38,"[0, 1, 0]",True,1,True
conservative_38,"[0, 1, 1]",True,2,True
conservative_38,"[0, 1, 2]",True,3,True
conservative_38,"[0, 1, 3]",True,4,True
conservative_38,"[0, 1, 4]",True,5,True
conservative_38,"[0, 1, 5]",True,6,True
conservative_38,"[0, 2, 0]",True,1,True
conservative_38,"[0, 2, 1]",True,2,True
conservative_38,"[0, 2, 2]",True,3,True
conservative_38,"[0, 2, 3]",True,4,True
conservative_38,"[0, 2, 4]",True,5,True
conservative_38,"[0, 3, 0]",True,1,True
conservative_38,"[0, 3, 1]",True,2,True
conservative_38,"[0, 3, 2]",True,3,True
conservative_38,"[0, 3, 3]",True,4,True
conservative_38,"[0, 4, 0]",True,1,True
conservative_38,"[0, 4, 1]",True,2,True
conservative_38,"[0, 4, 2]",True,3,True
conservative_38,"[0, 5, 0]",True,1,True
conservative_38,"[0, 5, 1]",True,2,True
conservative_38,"[0, 6, 0]",True,1,True
conservative_38,"[1, 0, 0]",False,1,True
conservative_38,"[1, 0, 1]",False,2,True
conservative_38,"[1, 0, 2]",False,3,True
conservative_38,"[1, 0, 3]",False,4,True
conservative_38,"[1, 0, 4]",False,5,True
conservative_38,"[1, 0, 5]",False,6,True
conservative_38,"[1, 1, 0]",True,1,True
conservative_38,"[1, 1, 1]",True,2,True
conservative_38,"[1, 1, 2]",True,3,True
conservative_38,"[1, 1, 3]",True,4,True
conservative_38,"[1, 1, 4]",True,5,True
conservative_38,"[1, 2, 0]",True,1,True
conservative_38,"[1, 2, 1]",True,2,True
conservative_38,"[1, 2, 2]",True,3,True
conservative_38,"[1, 2, 3]",True,4,True
conservative_38,"[1, 3, 0]",True,1,True
conservative_38,"[1, 3, 1]",True,2,True
conservative_38,"[1, 3, 2]",True,3,True
conservative_38,"[1, 4, 0]",True,1,True
conservative_38,"[1, 4, 1]",True,2,True
conservative_38,"[1, 5, 0]",True,1,True
conservative_38,"[2, 0, 0]",False,1,True
conservative_38,"[2, 0, 1]",False,2,True
conservative_38,"[2, 0, 2]",False,3,True
conservative_38,"[2, 0, 3]",False,4,True
conservative_38,"[2, 0, 4]",False,5,True
conservative_38,"[2, 1, 0]",True,1,True
conservative_38,"[2, 1, 1]",True,2,True
conservative_38,"[2, 1, 2]",True,3,True
conservative_38,"[2, 1, 3]",True,4,True
conservative_38,"[2, 2, 0]",True,1,True
conservative_38,"[2, 2, 1]",True,2,True
conservative_38,"[2, 2, 2]",True,3,True
conservative_38,"[2, 3, 0]",True,1,True
conservative_38,"[2, 3, 1]",True,2,True
conservative_38,"[2, 4, 0]",True,1,True
conservative_38,"[3, 0, 0]",False,1,True
conservative_38,"[3, 0, 1]",False,2,True
conservative_38,"[3, 0, 2]",False,3,True
conservative_38,"[3, 0, 3]",False,4,True
conservative_38,"[3, 1, 0]",True,1,True
conservative_38,"[3, 1, 1]",True,2,True
conservative_38,"[3, 1, 2]",True,3,True
conservative_38,"[3, 2, 0]",True,1,True
conservative_38,"[3, 2, 1]",True,2,True
conservative_38,"[3, 3, 0]",True,1,True
conservative_38,"[4, 0, 0]",False,1,True
conservative_38,"[4, 0, 1]",False,2,True
conservative_38,"[4, 0, 2]",False,3,True
conservative_38,"[4, 1, 0]",True,1,True
conservative_38,"[4, 1, 1]",True,2,True
conservative_38,"[4, 2, 0]",True,1,True
conservative_38,"[5, 0, 0]",False,1,True
conservative_38,"[5, 0, 1]",False,2,True
conservative_38,"[5, 1, 0]",True,1,True
conservative_38,"[6, 0, 0]",False,1,True
conservative_39,"[0, 0, 0]",False,1,True
conservative_39,"[0, 0, 1]",False,1,True
conservative_39,"[0, 0, 2]",False,1,True
conservative_39,"[0, 0, 3]",False,1,True
conservative_39,"[0, 0, 4]",False,1,True
conservative_39,"[0, 0, 5]",False,1,True
conservative_39,"[0, 0, 6]",False,1,True
conservative_39,"[0, 1, 0]",False,1,True
conservative_39,"[0, 1, 1]",False,1,True
conservative_39,"[0, 1, 2]",False,1,True
conservative_39,"[0, 1, 3]",False,1,True
conservative_39,"[0, 1, 4]",False,1,True
conservative_39,"[0, 1, 5]",False,1,True
conservative_39,"[0, 2, 0]",False,1,True
conservative_39,"[0, 2, 1]",False,1,True
conservative_39,"[0, 2, 2]",False,1,True
conservative_39,"[0, 2, 3]",False,1,True
conservative_39,"[0, 2, 4]",False,1,True
conservative_39,"[0, 3, 0]",False,1,True
conservative_39,"[0, 3, 1]",False,1,True
conservative_39,"[0, 3, 2]",False,1,True
conservative_39,"[0, 3, 3]",False,1,True
conservative_39,"[0, 4, 0]",False,1,True
conservative_39,"[0, 4, 1]",False,1,True
conservative_39,"[0, 4, 2]",False,1,True
conservative_39,"[0, 5, 0]",False,1,True
conservative_39,"[0, 5, 1]",False,1,True
conservative_39,"[0, 6, 0]",False,1,True
conservative_39,"[1, 0, 0]",True,1,True
conservative_39,"[1, 0, 1]",True,2,True
conservative_39,"[1, 0, 2]",True,3,True
conservative_39,"[1, 0, 3]",True,4,True
conservative_39,"[1, 0, 4]",True,5,True
conservative_39,"[1, 0, 5]",True,6,True
conservative_39,"[1, 1, 0]",True,1,True
conservative_39,"[1, 1, 1]",True,2,True
conservative_39,"[1, 1, 2]",True,3,True
conservative_39,"[1, 1, 3]",True,4,True
conservative_39,"[1, 1, 4]",True,5,True
conservative_39,"[1, 2, 0]",True,1,True
conservative_39,"[1, 2, 1]",True,2,True
conservative_39,"[1, 2, 2]",True,3,True
conservative_39,"[1, 2, 3]",True,4,True
conservative_39,"[1, 3, 0]",True,1,True
conservative_39,"[1, 3, 1]",True,2,True
conservative_39,"[1, 3, 2]",True,3,True
conservative_39,"[1, 4, 0]",True,1,True
conservative_39,"[1, 4, 1]",True,2,True
conservative_39,"[1, 5, 0]",True,1,True
conservative_39,"[2, 0, 0]",True,1,True
conservative_39,"[2, 0, 1]",True,2,True
conservative_39,"[2, 0, 2]",True,3,True
conservative_39,"[2, 0, 3]",True,4,True
conservative_39,"[2, 0, 4]",True,5,True
conservative_39,"[2, 1, 0]",True,1,True
conservative_39,"[2, 1, 1]",True,2,True
conservative_39,"[2, 1, 2]",True,3,True
conservative_39,"[2, 1, 3]",True,4,True
conservative_39,"[2, 2, 0]",True,1,True
conservative_39,"[2, 2, 1]",True,2,True
conservative_39,"[2, 2, 2]",True,3,True
conservative_39,"[2, 3, 0]",True,1,True
conservative_39,"[2, 3, 1]",True,2,True
conservative_39,"[2, 4, 0]",True,1,True
conservative_39,"[3, 0, 0]",True,1,True
conservative_39,"[3, 0, 1]",True,2,True
conservative_39,"[3, 0, 2]",True,3,True
conservative_39,"[3, 0, 3]",True,4,True
conservative_39,"[3, 1, 0]",True,1,True
conservative_39,"[3, 1, 1]",True,2,True
conservative_39,"[3, 1, 2]",True,3,True
conservative_39,"[3, 2, 0]",True,1,True
conservative_39,"[3, 2, 1]",True,2,True
conservative_39,"[3, 3, 0]",True,1,True
conservative_39,"[4, 0, 0]",True,1,True
conservative_39,"[4, 0, 1]",True,2,True
conservative_39,"[4, 0, 2]",True,3,True
conservative_39,"[4, 1, 0]",True,1,True
conservative_39,"[4, 1, 1]",True,2,True
conservative_39,"[4, 2, 0]",True,1,True
conservative_39,"[5, 0, 0]",True,1,True
conservative_39,"[5, 0, 1]",True,2,True
conservative_39,"[5, 1, 0]",True,1,True
conservative_39,"[6, 0, 0]",True,1,True
conservative_40,"[0, 0, 0]",False,1,True
conservative_40,"[0, 0, 1]",False,1,True
conservative_40,"[0, 0, 2]",False,1,True
conservative_40,"[0, 0, 3]",False,1,True
conservative_40,"[0, 0, 4]",False,1,True
conservative_40,"[0, 0, 5]",False,1,True
conservative_40,"[0, 0, 6]",False,1,True
conservative_40,"[0, 1, 0]",False,1,True
conservative_40,"[0, 1, 1]",False,1,True
conservative_40,"[0, 1, 2]",False,1,True
conservative_40,"[0, 1, 3]",False,1,True
conservative_40,"[0, 1, 4]",False,1,True
conservative_40,"[0, 1, 5]",False,1,True
conservative_40,"[0, 2, 0]",False,1,True
conservative_40,"[0, 2, 1]",False,1,True
conservative_40,"[0, 2, 2]",False,1,True
conservative_40,"[0, 2, 3]",False,1,True
conservative_40,"[0, 2, 4]",False,1,True
conservative_40,"[0, 3, 0]",False,1,True
conservative_40,"[0, 3, 1]",False,1,True
conservative_40,"[0, 3, 2]",False,1,True
conservative_40,"[0, 3, 3]",False,1,True
conservative_40,"[0, 4, 0]",False,1,True
conservative_40,"[0, 4, 1]",False,1,True
conservative_40,"[0, 4, 2]",False,1,True
conservative_40,"[0, 5, 0]",False,1,True
conservative_40,"[0, 5, 1]",False,1,True
conservative_40,"[0, 6, 0]",False,1,True
conservative_40,"[1, 0, 0]",False,2,True
conservative_40,"[1, 0, 1]",False,3,True
conservative_40,"[1, 0, 2]",False,4,True
conservative_40,"[1, 0, 3]",False,5,True
conservative_40,"[1, 0, 4]",False,6,True
conservative_40,"[1, 0, 5]",False,7,True
conservative_40,"[1, 1, 0]",False,2,True
conservative_40,"[1, 1, 1]",False,3,True
conservative_40,"[1, 1, 2]",True,4,True
conservative_40,"[1, 1, 3]",True,5,True
conservative_40,"[1, 1, 4]",True,6,True
conservative_40,"[1, 2, 0]",False,2,True
conservative_40,"[1, 2, 1]",False,3,True
conservative_40,"[1, 2, 2]",True,4,True
conservative_40,"[1, 2, 3]",True,5,True
conservative_40,"[1, 3, 0]",False,2,True
conservative_40,"[1, 3, 1]",False,3,True
conservative_40,"[1, 3, 2]",True,4,True
conservative_40,"[1, 4, 0]",False,2,True
conservative_40,"[1, 4, 1]",False,3,True
conservative_40,"[1, 5, 0]",False,2,True
conservative_40,"[2, 0, 0]",False,3,True
conservative_40,"[2, 0, 1]",False,4,True
conservative_40,"[2, 0, 2]",False,5,True
conservative_40,"[2, 0, 3]",False,6,True
conservative_40,"[2, 0, 4]",False,7,True
conservative_40,"[2, 1, 0]",False,3,True
conservative_40,"[2, 1, 1]",True,4,True
conservative_40,"[2, 1, 2]",True,5,True
conservative_40,"[2, 1, 3]",True,6,True
conservative_40,"[2, 2, 0]",False,3,True
conservative_40,"[2, 2, 1]",True,4,True
conservative_40,"[2, 2, 2]",True,5,True
conservative_40,"[2, 3, 0]",False,3,True
conservative_40,"[2, 3, 1]",True,4,True
conservative_40,"[2, 4, 0]",False,3,True
conservative_40,"[3, 0, 0]",False,4,True
conservative_40,"[3, 0, 1]",False,5,True
conservative_40,"[3, 0, 2]",False,6,True
conservative_40,"[3, 0, 3]",False,7,True
conservative_40,"[3, 1, 0]",True,4,True
conservative_40,"[3, 1, 1]",True,5,True
conservative_40,"[3, 1, 2]",True,6,True
conservative_40,"[3, 2, 0]",True,4,True
conservative_40,"[3, 2, 1]",True,5,True
conservative_40,"[3, 3, 0]",True,4,True
conservative_40,"[4, 0, 0]",False,5,True
conservative_40,"[4, 0, 1]",False,6,True
conservative_40,"[4, 0, 2]",False,7,True
conservative_40,"[4, 1, 0]",True,5,True
conservative_40,"[4, 1, 1]",True,6,True
conservative_40,"[4, 2, 0]",True,5,True
conservative_40,"[5, 0, 0]",False,6,True
conservative_40,"[5, 0, 1]",False,7,True
conservative_40,"[5, 1, 0]",True,6,True
conservative_40,"[6, 0, 0]",False,7,True
conservative_41,"[0, 0, 0]",False,1,True
conservative_41,"[0, 0, 1]",False,1,True
conservative_41,"[0, 0, 2]",False,1,True
conservative_41,"[0, 0, 3]",False,1,True
conservative_41,"[0, 0, 4]",False,1,True
conservative_41,"[0, 0, 5]",False,1,True
conservative_41,"[0, 0, 6]",False,1,True
conservative_41,"[0, 1, 0]",False,2,True
conservative_41,"[0, 1, 1]",False,2,True
conservative_41,"[0, 1, 2]",False,3,True
conservative_41,"[0, 1, 3]",False,3,True
conservative_41,"[0, 1, 4]",False,3,True
conservative_41,"[0, 1, 5]",False,3,True
conservative_41,"[0, 2, 0]",False,3,True
conservative_41,"[0, 2, 1]",False,8,True
conservative_41,"[0, 2, 2]",False,13,True
conservative_41,"[0, 2, 3]",True,19,True
conservative_41,"[0, 2, 4]",True,26,True
conservative_41,"[0, 3, 0]",False,9,True
conservative_41,"[0, 3, 1]",False,13,True
conservative_41,"[0, 3, 2]",True,19,True
conservative_41,"[0, 3, 3]",True,26,True
conservative_41,"[0, 4, 0]",False,14,True
conservative_41,"[0, 4, 1]",True,19,True
conservative_41,"[0, 4, 2]",True,26,True
conservative_41,"[0, 5, 0]",True,20,True
conservative_41,"[0, 5, 1]",True,26,True
conservative_41,"[0, 6, 0]",True,27,True
conservative_41,"[1, 0, 0]",False,1,True
conservative_41,"[1, 0, 1]",False,3,True
conservative_41,"[1, 0, 2]",False,3,True
conservative_41,"[1, 0, 3]",False,3,True
conservative_41,"[1, 0, 4]",False,3,True
conservative_41,"[1, 0, 5]",False,3,True
conservative_41,"[1, 1, 0]",False,4,True
conservative_41,"[1, 1, 1]",False,8,True
conservative_41,"[1, 1, 2]",False,13,True
conservative_41,"[1, 1, 3]",True,19,True
conservative_41,"[1, 1, 4]",True,26,True
conservative_41,"[1, 2, 0]",False,8,True
conservative_41,"[1, 2, 1]",False,13,True
conservative_41,"[1, 2, 2]",True,19,True
conservative_41,"[1, 2, 3]",True,26,True
conservative_41,"[1, 3, 0]",False,13,True
conservative_41,"[1, 3, 1]",True,19,True
conservative_41,"[1, 3, 2]",True,26,True
conservative_41,"[1, 4, 0]",True,19,True
conservative_41,"[1, 4, 1]",True,26,True
conservative_41,"[1, 5, 0]",True,26,True
conservative_41,"[2, 0, 0]",False,1,True
conservative_41,"[2, 0, 1]",False,8,True
conservative_41,"[2, 0, 2]",False,13,True
conservative_41,"[2, 0, 3]",True,19,True
conservative_41,"[2, 0, 4]",True,26,True
conservative_41,"[2, 1, 0]",False,8,True
conservative_41,"[2, 1, 1]",False,13,True
conservative_41,"[2, 1, 2]",True,19,True
conservative_41,"[2, 1, 3]",True,26,True
conservative_41,"[2, 2, 0]",False,13,True
conservative_41,"[2, 2, 1]",True,19,True
conservative_41,"[2, 2, 2]",True,26,True
conservative_41,"[2, 3, 0]",True,19,True
conservative_41,"[2, 3, 1]",True,26,True
conservative_41,"[2, 4, 0]",True,26,True
conservative_41,"[3, 0, 0]",False,1,True
conservative_41,"[3, 0, 1]",False,13,True
conservative_41,"[3, 0, 2]",True,19,True
conservative_41,"[3, 0, 3]",True,26,True
conservative_41,"[3, 1, 0]",False,13,True
conservative_41,"[3, 1, 1]",True,19,True
conservative_41,"[3, 1, 2]",True,26,True
conservative_41,"[3, 2, 0]",True,19,True
conservative_41,"[3, 2, 1]",True,26,True
conservative_41,"[3, 3, 0]",True,26,True
conservative_41,"[4, 0, 0]",False,1,True
conservative_41,"[4, 0, 1]",True,19,True
conservative_41,"[4, 0, 2]",True,26,True
conservative_41,"[4, 1, 0]",True,19,True
conservative_41,"[4, 1, 1]",True,26,True
conservative_41,"[4, 2, 0]",True,26,True
conservative_41,"[5, 0, 0]",False,1,True
conservative_41,"[5, 0, 1]",True,26,True
conservative_41,"[5, 1, 0]",True,26,True
conservative_41,"[6, 0, 0]",False,1,True
conservative_42,"[0, 0, 0]",False,1,True
conservative_42,"[0, 0, 1]",False,1,True
conservative_42,"[0, 0, 2]",False,1,True
conservative_42,"[0, 0, 3]",False,1,True
conservative_42,"[0, 0, 4]",False,1,True
conservative_42,"[0, 0, 5]",False,1,True
conservative_42,"[0, 0, 6]",False,1,True
conservative_42,"[0, 1, 0]",False,2,True
conservative_42,"[0, 1, 1]",False,2,True
conservative_42,"[0, 1, 2]",False,2,True
conservative_42,"[0, 1, 3]",False,2,True
conservative_42,"[0, 1, 4]",False,2,True
conservative_42,"[0, 1, 5]",False,2,True
conservative_42,"[0, 2, 0]",False,3,True
conservative_42,"[0, 2, 1]",False,3,True
conservative_42,"[0, 2, 2]",False,3,True
conservative_42,"[0, 2, 3]",False,3,True
conservative_42,"[0, 2, 4]",False,3,True
conservative_42,"[0, 3, 0]",False,4,True
conservative_42,"[0, 3, 1]",False,4,True
conservative_42,"[0, 3, 2]",False,4,True
conservative_42,"[0, 3, 3]",False,4,True
conservative_42,"[0, 4, 0]",True,5,True
conservative_42,"[0, 4, 1]",True,5,True
conservative_42,"[0, 4, 2]",True,5,True
conservative_42,"[0, 5, 0]",True,6,True
conservative_42,"[0, 5, 1]",True,6,True
conservative_42,"[0, 6, 0]",True,7,True
conservative_42,"[1, 0, 0]",False,1,True
conservative_42,"[1, 0, 1]",False,1,True
conservative_42,"[1, 0, 2]",False,1,True
conservative_42,"[1, 0, 3]",False,1,True
conservative_42,"[1, 0, 4]",False,1,True
conservative_42,"[1, 0, 5]",False,1,True
conservative_42,"[1, 1, 0]",False,2,True
conservative_42,"[1, 1, 1]",False,2,True
conservative_42,"[1, 1, 2]",False,2,True
conservative_42,"[1, 1, 3]",False,2,True
conservative_42,"[1, 1, 4]",False,2,True
conservative_42,"[1, 2, 0]",False,3,True
conservative_42,"[1, 2, 1]",False,3,True
conservative_42,"[1, 2, 2]",False,3,True
conservative_42,"[1, 2, 3]",False,3,True
conservative_42,"[1, 3, 0]",True,4,True
conservative_42,"[1, 3, 1]",True,4,True
conservative_42,"[1, 3, 2]",True,4,True
conservative_42,"[1, 4, 0]",True,5,True
conservative_42,"[1, 4, 1]",True,5,True
conservative_42,"[1, 5, 0]",True,6,True
conservative_42,"[2, 0, 0]",False,1,True
conservative_42,"[2, 0, 1]",False,1,True
conservative_42,"[2, 0, 2]",False,1,True
conservative_42,"[2, 0, 3]",False,1,True
conservative_42,"[2, 0, 4]",False,1,True
conservative_42,"[2, 1, 0]",False,2,True
conservative_42,"[2, 1, 1]",False,2,True
conservative_42,"[2, 1, 2]",False,2,True
conservative_42,"[2, 1, 3]",False,2,True
conservative_42,"[2, 2, 0]",True,3,True
conservative_42,"[2, 2, 1]",True,3,True
conservative_42,"[2, 2, 2]",True,3,True
conservative_42,"[2, 3, 0]",True,4,True
conservative_42,"[2, 3, 1]",True,4,True
conservative_42,"[2, 4, 0]",True,5,True
conservative_42,"[3, 0, 0]",False,1,True
conservative_42,"[3, 0, 1]",False,1,True
conservative_42,"[3, 0, 2]",False,1,True
conservative_42,"[3, 0, 3]",False,1,True
conservative_42,"[3, 1, 0]",False,2,True
conservative_42,"[3, 1, 1]",False,2,True
conservative_42,"[3, 1, 2]",False,2,True
conservative_42,"[3, 2, 0]",True,3,True
conservative_42,"[3, 2, 1]",True,3,True
conservative_42,"[3, 3, 0]",True,4,True
conservative_42,"[4, 0, 0]",False,1,True
conservative_42,"[4, 0, 1]",False,1,True
conservative_42,"[4, 0, 2]",False,1,True
conservative_42,"[4, 1, 0]",False,2,True
conservative_42,"[4, 1, 1]",False,2,True
conservative_42,"[4, 2, 0]",True,3,True
conservative_42,"[5, 0, 0]",False,1,True
conservative_42,"[5, 0, 1]",False,1,True
conservative_42,"[5, 1, 0]",False,2,True
conservative_42,"[6, 0, 0]",False,1,True
conservative_43,"[0, 0, 0]",False,1,True
conservative_43,"[0, 0, 1]",True,2,True
conservative_43,"[0, 0, 2]",True,3,True
conservative_43,"[0, 0, 3]",True,4,True
conservative_43,"[0, 0, 4]",True,5,True
conservative_43,"[0, 0, 5]",True,6,True
conservative_43,"[0, 0, 6]",True,7,True
conservative_43,"[0, 1, 0]",True,1,True
conservative_43,"[0, 1, 1]",True,2,True
conservative_43,"[0, 1, 2]",True,3,True
conservative_43,"[0, 1, 3]",True,4,True
conservative_43,"[0, 1, 4]",True,5,True
conservative_43,"[0, 1, 5]",True,6,True
conservative_43,"[0, 2, 0]",True,1,True
conservative_43,"[0, 2, 1]",True,2,True
conservative_43,"[0, 2, 2]",True,3,True
conservative_43,"[0, 2, 3]",True,4,True
conservative_43,"[0, 2, 4]",True,5,True
conservative_43,"[0, 3, 0]",True,2,True
conservative_43,"[0, 3, 1]",True,3,True
conservative_43,"[0, 3, 2]",True,4,True
conservative_43,"[0, 3, 3]",True,5,True
conservative_43,"[0, 4, 0]",True,3,True
conservative_43,"[0, 4, 1]",True,4,True
conservative_43,"[0, 4, 2]",True,5,True
conservative_43,"[0, 5, 0]",True,4,True
conservative_43,"[0, 5, 1]",True,5,True
conservative_43,"[0, 6, 0]",True,5,True
conservative_43,"[1, 0, 0]",False,1,True
conservative_43,"[1, 0, 1]",True,2,True
conservative_43,"[1, 0, 2]",True,3,True
conservative_43,"[1, 0, 3]",True,4,True
conservative_43,"[1, 0, 4]",True,5,True
conservative_43,"[1, 0, 5]",True,6,True
conservative_43,"[1, 1, 0]",True,1,True
conservative_43,"[1, 1, 1]",True,2,True
conservative_43,"[1, 1, 2]",True,3,True
conservative_43,"[1, 1, 3]",True,4,True
conservative_43,"[1, 1, 4]",True,5,True
conservative_43,"[1, 2, 0]",True,1,True
conservative_43,"[1, 2, 1]",True,2,True
conservative_43,"[1, 2, 2]",True,3,True
conservative_43,"[1, 2, 3]",True,4,True
conservative_43,"[1, 3, 0]",True,2,True
conservative_43,"[1, 3, 1]",True,3,True
conservative_43,"[1, 3, 2]",True,4,True
conservative_43,"[1, 4, 0]",True,3,True
conservative_43,"[1, 4, 1]",True,4,True
conservative_43,"[1, 5, 0]",True,4,True
conservative_43,"[2, 0, 0]",False,1,True
conservative_43,"[2, 0, 1]",True,2,True
conservative_43,"[2, 0, 2]",True,3,True
conservative_43,"[2, 0, 3]",True,4,True
conservative_43,"[2, 0, 4]",True,5,True
conservative_43,"[2, 1, 0]",True,1,True
conservative_43,"[2, 1, 1]",True,2,True
conservative_43,"[2, 1, 2]",True,3,True
conservative_43,"[2, 1, 3]",True,4,True
conservative_43,"[2, 2, 0]",True,1,True
conservative_43,"[2, 2, 1]",True,2,True
conservative_43,"[2, 2, 2]",True,3,True
conservative_43,"[2, 3, 0]",True,2,True
conservative_43,"[2, 3, 1]",True,3,True
conservative_43,"[2, 4, 0]",True,3,True
conservative_43,"[3, 0, 0]",False,1,True
conservative_43,"[3, 0, 1]",True,2,True
conservative_43,"[3, 0, 2]",True,3,True
conservative_43,"[3, 0, 3]",True,4,True
conservative_43,"[3, 1, 0]",True,1,True
conservative_43,"[3, 1, 1]",True,2,True
conservative_43,"[3, 1, 2]",True,3,True
conservative_43,"[3, 2, 0]",True,1,True
conservative_43,"[3, 2, 1]",True,2,True
conservative_43,"[3, 3, 0]",True,2,True
conservative_43,"[4, 0, 0]",False,1,True
conservative_43,"[4, 0, 1]",True,2,True
conservative_43,"[4, 0, 2]",True,3,True
conservative_43,"[4, 1, 0]",True,1,True
conservative_43,"[4, 1, 1]",True,2,True
conservative_43,"[4, 2, 0]",True,1,True
conservative_43,"[5, 0, 0]",False,1,True
conservative_43,"[5, 0, 1]",True,2,True
conservative_43,"[5, 1, 0]",True,1,True
conservative_43,"[6, 0, 0]",False,1,True
conservative_44,"[0, 0, 0]",False,1,True
conservative_44,"[0, 0, 1]",False,1,True
conservative_44,"[0, 0, 2]",False,1,True
conservative_44,"[0, 0, 3]",False,1,True
conservative_44,"[0, 0, 4]",False,1,True
conservative_44,"[0, 0, 5]",False,1,True
conservative_44,"[0, 0, 6]",False,1,True
conservative_44,"[0, 1, 0]",False,2,True
conservative_44,"[0, 1, 1]",True,2,True
conservative_44,"[0, 1, 2]",True,2,True
conservative_44,"[0, 1, 3]",True,2,True
conservative_44,"[0, 1, 4]",True,2,True
conservative_44,"[0, 1, 5]",True,2,True
conservative_44,"[0, 2, 0]",True,3,True
conservative_44,"[0, 2, 1]",True,3,True
conservative_44,"[0, 2, 2]",True,3,True
conservative_44,"[0, 2, 3]",True,3,True
conservative_44,"[0, 2, 4]",True,3,True
conservative_44,"[0, 3, 0]",True,4,True
conservative_44,"[0, 3, 1]",True,4,True
conservative_44,"[0, 3, 2]",True,4,True
conservative_44,"[0, 3, 3]",True,4,True
conservative_44,"[0, 4, 0]",True,5,True
conservative_44,"[0, 4, 1]",True,5,True
conservative_44,"[0, 4, 2]",True,5,True
conservative_44,"[0, 5, 0]",True,6,True
conservative_44,"[0, 5, 1]",True,6,True
conservative_44,"[0, 6, 0]",True,7,True
conservative_44,"[1, 0, 0]",False,1,True
conservative_44,"[1, 0, 1]",False,1,True
conservative_44,"[1, 0, 2]",False,1,True
conservative_44,"[1, 0, 3]",False,1,True
conservative_44,"[1, 0, 4]",False,1,True
conservative_44,"[1, 0, 5]",False,1,True
conservative_44,"[1, 1, 0]",False,2,True
conservative_44,"[1, 1, 1]",True,2,True
conservative_44,"[1, 1, 2]",True,2,True
conservative_44,"[1, 1, 3]",True,2,True
conservative_44,"[1, 1, 4]",True,2,True
conservative_44,"[1, 2, 0]",True,3,True
conservative_44,"[1, 2, 1]",True,3,True
conservative_44,"[1, 2, 2]",True,3,True
conservative_44,"[1, 2, 3]",True,3,True
conservative_44,"[1, 3, 0]",True,4,True
conservative_44,"[1, 3, 1]",True,4,True
conservative_44,"[1, 3, 2]",True,4,True
conservative_44,"[1, 4, 0]",True,5,True
conservative_44,"[1, 4, 1]",True,5,True
conservative_44,"[1, 5, 0]",True,6,True
conservative_44,"[2, 0, 0]",False,1,True
conservative_44,"[2, 0, 1]",False,1,True
conservative_44,"[2, 0, 2]",False,1,True
conservative_44,"[2, 0, 3]",False,1,True
conservative_44,"[2, 0, 4]",False,1,True
conservative_44,"[2, 1, 0]",False,2,True
conservative_44,"[2, 1, 1]",True,2,True
conservative_44,"[2, 1, 2]",True,2,True
conservative_44,"[2, 1, 3]",True,2,True
conservative_44,"[2, 2, 0]",True,3,True
conservative_44,"[2, 2, 1]",True,3,True
conservative_44,"[2, 2, 2]",True,3,True
conservative_44,"[2, 3, 0]",True,4,True
conservative_44,"[2, 3, 1]",True,4,True
conservative_44,"[2, 4, 0]",True,5,True
conservative_44,"[3, 0, 0]",False,1,True
conservative_44,"[3, 0, 1]",False,1,True
conservative_44,"[3, 0, 2]",False,1,True
conservative_44,"[3, 0, 3]",False,1,True
conservative_44,"[3, 1, 0]",False,2,True
conservative_44,"[3, 1, 1]",True,2,True
conservative_44,"[3, 1, 2]",True,2,True
conservative_44,"[3, 2, 0]",True,3,True
conservative_44,"[3, 2, 1]",True,3,True
conservative_44,"[3, 3, 0]",True,4,True
conservative_44,"[4, 0, 0]",False,1,True
conservative_44,"[4, 0, 1]",False,1,True
conservative_44,"[4, 0, 2]",False,1,True
conservative_44,"[4, 1, 0]",False,2,True
conservative_44,"[4, 1, 1]",True,2,True
conservative_44,"[4, 2, 0]",True,3,True
conservative_44,"[5, 0, 0]",False,1,True
conservative_44,"[5, 0, 1]",False,1,True
conservative_44,"[5, 1, 0]",False,2,True
conservative_44,"[6, 0, 0]",False,1,True
conservative_45,"[0, 0, 0]",False,1,True
conservative_45,"[0, 0, 1]",False,2,True
conservative_45,"[0, 0, 2]",False,4,True
conservative_45,"[0, 0, 3]",False,7,True
conservative_45,"[0, 0, 4]",False,11,True
conservative_45,"[0, 0, 5]",True,16,True
conservative_45,"[0, 0, 6]",True,22,True
conservative_45,"[0, 1, 0]",False,1,True
conservative_45,"[0, 1, 1]",False,2,True
conservative_45,"[0, 1, 2]",False,4,True
conservative_45,"[0, 1, 3]",True,7,True
conservative_45,"[0, 1, 4]",True,11,True
conservative_45,"[0, 1, 5]",True,16,True
conservative_45,"[0, 2, 0]",False,1,True
conservative_45,"[0, 2, 1]",False,2,True
conservative_45,"[0, 2, 2]",False,4,True
conservative_45,"[0, 2, 3]",True,7,True
conservative_45,"[0, 2, 4]",True,11,True
conservative_45,"[0, 3, 0]",False,1,True
conservative_45,"[0, 3, 1]",False,2,True
conservative_45,"[0, 3, 2]",False,4,True
conservative_45,"[0, 3, 3]",True,7,True
conservative_45,"[0, 4, 0]",False,1,True
conservative_45,"[0, 4, 1]",False,2,True
conservative_45,"[0, 4, 2]",False,4,True
conservative_45,"[0, 5, 0]",False,1,True
conservative_45,"[0, 5, 1]",False,2,True
conservative_45,"[0, 6, 0]",False,1,True
conservative_45,"[1, 0, 0]",False,1,True
conservative_45,"[1, 0, 1]",False,3,True
conservative_45,"[1, 0, 2]",False,6,True
conservative_45,"[1, 0, 3]",False,10,True
conservative_45,"[1, 0, 4]",True,15,True
conservative_45,"[1, 0, 5]",True,21,True
conservative_45,"[1, 1, 0]",False,1,True
conservative_45,"[1, 1, 1]",False,3,True
conservative_45,"[1, 1, 2]",False,6,True
conservative_45,"[1, 1, 3]",True,10,True
conservative_45,"[1, 1, 4]",True,15,True
conservative_45,"[1, 2, 0]",False,1,True
conservative_45,"[1, 2, 1]",False,3,True
conservative_45,"[1, 2, 2]",False,6,True
conservative_45,"[1, 2, 3]",True,10,True
conservative_45,"[1, 3, 0]",False,1,True
conservative_45,"[1, 3, 1]",False,3,True
conservative_45,"[1, 3, 2]",False,6,True
conservative_45,"[1, 4, 0]",False,1,True
conservative_45,"[1, 4, 1]",False,3,True
conservative_45,"[1, 5, 0]",False,1,True
conservative_45,"[2, 0, 0]",False,1,True
conservative_45,"[2, 0, 1]",False,4,True
conservative_45,"[2, 0, 2]",False,8,True
conservative_45,"[2, 0, 3]",False,13,True
conservative_45,"[2, 0, 4]",True,19,True
conservative_45,"[2, 1, 0]",False,2,True
conservative_45,"[2, 1, 1]",False,5,True
conservative_45,"[2, 1, 2]",False,9,True
conservative_45,"[2, 1, 3]",True,14,True
conservative_45,"[2, 2, 0]",False,2,True
conservative_45,"[2, 2, 1]",False,5,True
conservative_45,"[2, 2, 2]",False,9,True
conservative_45,"[2, 3, 0]",False,2,True
conservative_45,"[2, 3, 1]",False,5,True
conservative_45,"[2, 4, 0]",False,2,True
conservative_45,"[3, 0, 0]",False,1,True
conservative_45,"[3, 0, 1]",False,5,True
conservative_45,"[3, 0, 2]",False,10,True
conservative_45,"[3, 0, 3]",True,16,True
conservative_45,"[3, 1, 0]",False,3,True
conservative_45,"[3, 1, 1]",False,7,True
conservative_45,"[3, 1, 2]",True,12,True
conservative_45,"[3, 2, 0]",False,3,True
conservative_45,"[3, 2, 1]",False,7,True
conservative_45,"[3, 3, 0]",False,3,True
conservative_45,"[4, 0, 0]",False,1,True
conservative_45,"[4, 0, 1]",False,6,True
conservative_45,"[4, 0, 2]",False,12,True
conservative_45,"[4, 1, 0]",False,4,True
conservative_45,"[4, 1, 1]",False,9,True
conservative_45,"[4, 2, 0]",False,4,True
conservative_45,"[5, 0, 0]",False,1,True
conservative_45,"[5, 0, 1]",False,7,True
conservative_45,"[5, 1, 0]",False,5,True
conservative_45,"[6, 0, 0]",False,1,True
conservative_46,"[0, 0, 0]",False,1,True
conservative_46,"[0, 0, 1]",False,1,True
conservative_46,"[0, 0, 2]",False,1,True
conservative_46,"[0, 0, 3]",False,1,True
conservative_46,"[0, 0, 4]",False,1,True
conservative_46,"[0, 0, 5]",False,1,True
conservative_46,"[0, 0, 6]",False,1,True
conservative_46,"[0, 1, 0]",False,1,True
conservative_46,"[0, 1, 1]",False,1,True
conservative_46,"[0, 1, 2]",False,1,True
conservative_46,"[0, 1, 3]",False,1,True
conservative_46,"[0, 1, 4]",False,1,True
conservative_46,"[0, 1, 5]",False,1,True
conservative_46,"[0, 2, 0]",False,1,True
conservative_46,"[0, 2, 1]",False,1,True
conservative_46,"[0, 2, 2]",False,1,True
conservative_46,"[0, 2, 3]",False,1,True
conservative_46,"[0, 2, 4]",False,1,True
conservative_46,"[0, 3, 0]",False,1,True
conservative_46,"[0, 3, 1]",False,1,True
conservative_46,"[0, 3, 2]",False,1,True
conservative_46,"[0, 3, 3]",False,1,True
conservative_46,"[0, 4, 0]",False,1,True
conservative_46,"[0, 4, 1]",False,1,True
conservative_46,"[0, 4, 2]",False,1,True
conservative_46,"[0, 5, 0]",False,1,True
conservative_46,"[0, 5, 1]",False,1,True
conservative_46,"[0, 6, 0]",False,1,True
conservative_46,"[1, 0, 0]",False,1,True
conservative_46,"[1, 0, 1]",False,2,True
conservative_46,"[1, 0, 2]",False,3,True
conservative_46,"[1, 0, 3]",False,4,True
conservative_46,"[1, 0, 4]",False,5,True
conservative_46,"[1, 0, 5]",False,6,True
conservative_46,"[1, 1, 0]",False,1,True
conservative_46,"[1, 1, 1]",False,2,True
conservative_46,"[1, 1, 2]",False,3,True
conservative_46,"[1, 1, 3]",False,4,True
conservative_46,"[1, 1, 4]",False,5,True
conservative_46,"[1, 2, 0]",False,1,True
conservative_46,"[1, 2, 1]",False,2,True
conservative_46,"[1, 2, 2]",True,3,True
conservative_46,"[1, 2, 3]",True,4,True
conservative_46,"[1, 3, 0]",False,1,True
conservative_46,"[1, 3, 1]",False,2,True
conservative_46,"[1, 3, 2]",True,3,True
conservative_46,"[1, 4, 0]",False,1,True
conservative_46,"[1, 4, 1]",False,2,True
conservative_46,"[1, 5, 0]",False,1,True
conservative_46,"[2, 0, 0]",False,1,True
conservative_46,"[2, 0, 1]",False,3,True
conservative_46,"[2, 0, 2]",False,4,True
conservative_46,"[2, 0, 3]",False,5,True
conservative_46,"[2, 0, 4]",False,6,True
conservative_46,"[2, 1, 0]",False,1,True
conservative_46,"[2, 1, 1]",False,3,True
conservative_46,"[2, 1, 2]",False,4,True
conservative_46,"[2, 1, 3]",False,5,True
conservative_46,"[2, 2, 0]",False,1,True
conservative_46,"[2, 2, 1]",True,3,True
conservative_46,"[2, 2, 2]",True,4,True
conservative_46,"[2, 3, 0]",False,1,True
conservative_46,"[2, 3, 1]",True,3,True
conservative_46,"[2, 4, 0]",False,1,True
conservative_46,"[3, 0, 0]",False,1,True
conservative_46,"[3, 0, 1]",False,4,True
conservative_46,"[3, 0, 2]",False,5,True
conservative_46,"[3, 0, 3]",False,6,True
conservative_46,"[3, 1, 0]",False,1,True
conservative_46,"[3, 1, 1]",False,4,True
conservative_46,"[3, 1, 2]",False,5,True
conservative_46,"[3, 2, 0]",False,1,True
conservative_46,"[3, 2, 1]",True,4,True
conservative_46,"[3, 3, 0]",False,1,True
conservative_46,"[4, 0, 0]",False,1,True
conservative_46,"[4, 0, 1]",False,5,True
conservative_46,"[4, 0, 2]",False,6,True
conservative_46,"[4, 1, 0]",False,1,True
conservative_46,"[4, 1, 1]",False,5,True
conservative_46,"[4, 2, 0]",False,1,True
conservative_46,"[5, 0, 0]",False,1,True
conservative_46,"[5, 0, 1]",False,6,True
conservative_46,"[5, 1, 0]",False,1,True
conservative_46,"[6, 0, 0]",False,1,True
conservative_47,"[0, 0, 0]",False,1,True
conservative_47,"[0, 0, 1]",False,1,True
conservative_47,"[0, 0, 2]",False,2,True
conservative_47,"[0, 0, 3]",False,4,True
conservative_47,"[0, 0, 4]",False,8,True
conservative_47,"[0, 0, 5]",True,15,True
conservative_47,"[0, 0, 6]",True,22,True
conservative_47,"[0, 1, 0]",False,1,True
conservative_47,"[0, 1, 1]",False,1,True
conservative_47,"[0, 1, 2]",False,2,True
conservative_47,"[0, 1, 3]",False,5,True
conservative_47,"[0, 1, 4]",False,8,True
conservative_47,"[0, 1, 5]",True,15,True
conservative_47,"[0, 2, 0]",False,1,True
conservative_47,"[0, 2, 1]",False,1,True
conservative_47,"[0, 2, 2]",False,2,True
conservative_47,"[0, 2, 3]",True,5,True
conservative_47,"[0, 2, 4]",True,8,True
conservative_47,"[0, 3, 0]",False,1,True
conservative_47,"[0, 3, 1]",False,1,True
conservative_47,"[0, 3, 2]",False,2,True
conservative_47,"[0, 3, 3]",True,5,True
conservative_47,"[0, 4, 0]",False,1,True
conservative_47,"[0, 4, 1]",False,1,True
conservative_47,"[0, 4, 2]",False,2,True
conservative_47,"[0, 5, 0]",False,1,True
conservative_47,"[0, 5, 1]",False,1,True
conservative_47,"[0, 6, 0]",False,1,True
conservative_47,"[1, 0, 0]",False,1,True
conservative_47,"[1, 0, 1]",False,1,True
conservative_47,"[1, 0, 2]",False,3,True
conservative_47,"[1, 0, 3]",False,9,True
conservative_47,"[1, 0, 4]",True,14,True
conservative_47,"[1, 0, 5]",True,21,True
conservative_47,"[1, 1, 0]",False,1,True
conservative_47,"[1, 1, 1]",False,2,True
conservative_47,"[1, 1, 2]",False,3,True
conservative_47,"[1, 1, 3]",True,9,True
conservative_47,"[1, 1, 4]",True,14,True
conservative_47,"[1, 2, 0]",False,1,True
conservative_47,"[1, 2, 1]",False,2,True
conservative_47,"[1, 2, 2]",False,3,True
conservative_47,"[1, 2, 3]",True,9,True
conservative_47,"[1, 3, 0]",False,1,True
conservative_47,"[1, 3, 1]",False,2,True
conservative_47,"[1, 3, 2]",False,3,True
conservative_47,"[1, 4, 0]",False,1,True
conservative_47,"[1, 4, 1]",False,2,True
conservative_47,"[1, 5, 0]",False,1,True
conservative_47,"[2, 0, 0]",False,1,True
conservative_47,"[2, 0, 1]",False,3,True
conservative_47,"[2, 0, 2]",False,7,True
conservative_47,"[2, 0, 3]",True,14,True
conservative_47,"[2, 0, 4]",True,21,True
conservative_47,"[2, 1, 0]",False,2,True
conservative_47,"[2, 1, 1]",False,5,True
conservative_47,"[2, 1, 2]",False,8,True
conservative_47,"[2, 1, 3]",True,15,True
conservative_47,"[2, 2, 0]",False,2,True
conservative_47,"[2, 2, 1]",True,5,True
conservative_47,"[2, 2, 2]",True,8,True
conservative_47,"[2, 3, 0]",False,2,True
conservative_47,"[2, 3, 1]",True,5,True
conservative_47,"[2, 4, 0]",False,2,True
conservative_47,"[3, 0, 0]",False,1,True
conservative_47,"[3, 0, 1]",False,6,True
conservative_47,"[3, 0, 2]",True,13,True
conservative_47,"[3, 0, 3]",True,20,True
conservative_47,"[3, 1, 0]",False,3,True
conservative_47,"[3, 1, 1]",True,9,True
conservative_47,"[3, 1, 2]",True,14,True
conservative_47,"[3, 2, 0]",False,3,True
conservative_47,"[3, 2, 1]",True,9,True
conservative_47,"[3, 3, 0]",False,3,True
conservative_47,"[4, 0, 0]",False,1,True
conservative_47,"[4, 0, 1]",True,10,True
conservative_47,"[4, 0, 2]",True,20,True
conservative_47,"[4, 1, 0]",False,8,True
conservative_47,"[4, 1, 1]",True,15,True
conservative_47,"[4, 2, 0]",True,8,True
conservative_47,"[5, 0, 0]",False,1,True
conservative_47,"[5, 0, 1]",True,16,True
conservative_47,"[5, 1, 0]",True,14,True
conservative_47,"[6, 0, 0]",False,1,True
conservative_48,"[0, 0, 0]",False,1,True
conservative_48,"[0, 0, 1]",False,3,True
conservative_48,"[0, 0, 2]",False,6,True
conservative_48,"[0, 0, 3]",False,10,True
conservative_48,"[0, 0, 4]",False,15,True
conservative_48,"[0, 0, 5]",False,21,True
conservative_48,"[0, 0, 6]",False,28,True
conservative_48,"[0, 1, 0]",False,3,True
conservative_48,"[0, 1, 1]",False,6,True
conservative_48,"[0, 1, 2]",False,10,True
conservative_48,"[0, 1, 3]",False,15,True
conservative_48,"[0, 1, 4]",False,21,True
conservative_48,"[0, 1, 5]",False,28,True
conservative_48,"[0, 2, 0]",False,6,True
conservative_48,"[0, 2, 1]",False,10,True
conservative_48,"[0, 2, 2]",False,15,True
conservative_48,"[0, 2, 3]",False,21,True
conservative_48,"[0, 2, 4]",False,28,True
conservative_48,"[0, 3, 0]",False,10,True
conservative_48,"[0, 3, 1]",False,15,True
conservative_48,"[0, 3, 2]",False,21,True
conservative_48,"[0, 3, 3]",False,28,True
conservative_48,"[0, 4, 0]",False,15,True
conservative_48,"[0, 4, 1]",False,21,True
conservative_48,"[0, 4, 2]",False,28,True
conservative_48,"[0, 5, 0]",False,21,True
conservative_48,"[0, 5, 1]",False,28,True
conservative_48,"[0, 6, 0]",False,28,True
conservative_48,"[1, 0, 0]",False,1,True
conservative_48,"[1, 0, 1]",False,3,True
conservative_48,"[1, 0, 2]",False,6,True
conservative_48,"[1, 0, 3]",False,10,True
conservative_48,"[1, 0, 4]",False,15,True
conservative_48,"[1, 0, 5]",False,21,True
conservative_48,"[1, 1, 0]",False,3,True
conservative_48,"[1, 1, 1]",False,6,True
conservative_48,"[1, 1, 2]",False,10,True
conservative_48,"[1, 1, 3]",False,15,True
conservative_48,"[1, 1, 4]",False,21,True
conservative_48,"[1, 2, 0]",False,6,True
conservative_48,"[1, 2, 1]",False,10,True
conservative_48,"[1, 2, 2]",False,15,True
conservative_48,"[1, 2, 3]",False,21,True
conservative_48,"[1, 3, 0]",False,10,True
conservative_48,"[1, 3, 1]",False,15,True
conservative_48,"[1, 3, 2]",False,21,True
conservative_48,"[1, 4, 0]",False,15,True
conservative_48,"[1, 4, 1]",False,21,True
conservative_48,"[1, 5, 0]",False,21,True
conservative_48,"[2, 0, 0]",False,1,True
conservative_48,"[2, 0, 1]",False,6,True
conservative_48,"[2, 0, 2]",False,10,True
conservative_48,"[2, 0, 3]",False,15,True
conservative_48,"[2, 0, 4]",False,21,True
conservative_48,"[2, 1, 0]",False,6,True
conservative_48,"[2, 1, 1]",False,10,True
conservative_48,"[2, 1, 2]",False,15,True
conservative_48,"[2, 1, 3]",False,21,True
conservative_48,"[2, 2, 0]",False,10,True
conservative_48,"[2, 2, 1]",False,15,True
conservative_48,"[2, 2, 2]",False,21,True
conservative_48,"[2, 3, 0]",False,15,True
conservative_48,"[2, 3, 1]",False,21,True
conservative_48,"[2, 4, 0]",False,21,True
conservative_48,"[3, 0, 0]",False,6,True
conservative_48,"[3, 0, 1]",False,10,True
conservative_48,"[3, 0, 2]",False,15,True
conservative_48,"[3, 0, 3]",False,21,True
conservative_48,"[3, 1, 0]",False,10,True
conservative_48,"[3, 1, 1]",False,15,True
conservative_48,"[3, 1, 2]",False,21,True
conservative_48,"[3, 2, 0]",False,15,True
conservative_48,"[3, 2, 1]",False,21,True
conservative_48,"[3, 3, 0]",False,21,True
conservative_48,"[4, 0, 0]",False,10,True
conservative_48,"[4, 0, 1]",False,15,True
conservative_48,"[4, 0, 2]",False,21,True
conservative_48,"[4, 1, 0]",False,15,True
conservative_48,"[4, 1, 1]",False,21,True
conservative_48,"[4, 2, 0]",False,21,True
conservative_48,"[5, 0, 0]",False,15,True
conservative_48,"[5, 0, 1]",False,21,True
conservative_48,"[5, 1, 0]",False,21,True
conservative_48,"[6, 0, 0]",False,21,True
conservative_49,"[0, 0, 0]",False,1,True
conservative_49,"[0, 0, 1]",False,1,True
conservative_49,"[0, 0, 2]",False,1,True
conservative_49,"[0, 0, 3]",True,1,True
conservative_49,"[0, 0, 4]",True,1,True
conservative_49,"[0, 0, 5]",True,1,True
conservative_49,"[0, 0, 6]",True,1,True
conservative_49,"[0, 1, 0]",False,1,True
conservative_49,"[0, 1, 1]",False,1,True
conservative_49,"[0, 1, 2]",False,1,True
conservative_49,"[0, 1, 3]",True,1,True
conservative_49,"[0, 1, 4]",True,1,True
conservative_49,"[0, 1, 5]",True,1,True
conservative_49,"[0, 2, 0]",False,1,True
conservative_49,"[0, 2, 1]",False,1,True
conservative_49,"[0, 2, 2]",False,1,True
conservative_49,"[0, 2, 3]",True,1,True
conservative_49,"[0, 2, 4]",True,1,True
conservative_49,"[0, 3, 0]",False,1,True
conservative_49,"[0, 3, 1]",False,1,True
conservative_49,"[0, 3, 2]",False,1,True
conservative_49,"[0, 3, 3]",True,1,True
conservative_49,"[0, 4, 0]",False,1,True
conservative_49,"[0, 4, 1]",False,1,True
conservative_49,"[0, 4, 2]",False,1,True
conservative_49,"[0, 5, 0]",False,1,True
conservative_49,"[0, 5, 1]",False,1,True
conservative_49,"[0, 6, 0]",False,1,True
conservative_49,"[1, 0, 0]",False,1,True
conservative_49,"[1, 0, 1]",False,1,True
conservative_49,"[1, 0, 2]",True,1,True
conservative_49,"[1, 0, 3]",True,1,True
conservative_49,"[1, 0, 4]",True,1,True
conservative_49,"[1, 0, 5]",True,1,True
conservative_49,"[1, 1, 0]",False,3,True
conservative_49,"[1, 1, 1]",True,3,True
conservative_49,"[1, 1, 2]",True,3,True
conservative_49,"[1, 1, 3]",True,3,True
conservative_49,"[1, 1, 4]",True,3,True
conservative_49,"[1, 2, 0]",True,6,True
conservative_49,"[1, 2, 1]",True,6,True
conservative_49,"[1, 2, 2]",True,6,True
conservative_49,"[1, 2, 3]",True,6,True
conservative_49,"[1, 3, 0]",True,10,True
conservative_49,"[1, 3, 1]",True,10,True
conservative_49,"[1, 3, 2]",True,10,True
conservative_49,"[1, 4, 0]",True,15,True
conservative_49,"[1, 4, 1]",True,15,True
conservative_49,"[1, 5, 0]",True,21,True
conservative_49,"[2, 0, 0]",False,2,True
conservative_49,"[2, 0, 1]",True,2,True
conservative_49,"[2, 0, 2]",True,2,True
conservative_49,"[2, 0, 3]",True,2,True
conservative_49,"[2, 0, 4]",True,2,True
conservative_49,"[2, 1, 0]",True,5,True
conservative_49,"[2, 1, 1]",True,5,True
conservative_49,"[2, 1, 2]",True,5,True
conservative_49,"[2, 1, 3]",True,5,True
conservative_49,"[2, 2, 0]",True,9,True
conservative_49,"[2, 2, 1]",True,9,True
conservative_49,"[2, 2, 2]",True,9,True
conservative_49,"[2, 3, 0]",True,14,True
conservative_49,"[2, 3, 1]",True,14,True
conservative_49,"[2, 4, 0]",True,20,True
conservative_49,"[3, 0, 0]",True,3,True
conservative_49,"[3, 0, 1]",True,3,True
conservative_49,"[3, 0, 2]",True,3,True
conservative_49,"[3, 0, 3]",True,3,True
conservative_49,"[3, 1, 0]",True,7,True
conservative_49,"[3, 1, 1]",True,7,True
conservative_49,"[3, 1, 2]",True,7,True
conservative_49,"[3, 2, 0]",True,12,True
conservative_49,"[3, 2, 1]",True,12,True
conservative_49,"[3, 3, 0]",True,18,True
conservative_49,"[4, 0, 0]",True,4,True
conservative_49,"[4, 0, 1]",True,4,True
conservative_49,"[4, 0, 2]",True,4,True
conservative_49,"[4, 1, 0]",True,9,True
conservative_49,"[4, 1, 1]",True,9,True
conservative_49,"[4, 2, 0]",True,15,True
conservative_49,"[5, 0, 0]",True,5,True
conservative_49,"[5, 0, 1]",True,5,True
conservative_49,"[5, 1, 0]",True,11,True
conservative_49,"[6, 0, 0]",True,6,True
conservative_50,"[0, 0, 0]",False,1,True
conservative_50,"[0, 0, 1]",False,1,True
conservative_50,"[0, 0, 2]",False,1,True
conservative_50,"[0, 0, 3]",False,1,True
conservative_50,"[0, 0, 4]",False,1,True
conservative_50,"[0, 0, 5]",False,1,True
conservative_50,"[0, 0, 6]",False,1,True
conservative_50,"[0, 1, 0]",False,2,True
conservative_50,"[0, 1, 1]",False,2,True
conservative_50,"[0, 1, 2]",False,2,True
conservative_50,"[0, 1, 3]",False,2,True
conservative_50,"[0, 1, 4]",False,2,True
conservative_50,"[0, 1, 5]",False,2,True
conservative_50,"[0, 2, 0]",False,3,True
conservative_50,"[0, 2, 1]",False,3,True
conservative_50,"[0, 2, 2]",False,3,True
conservative_50,"[0, 2, 3]",False,3,True
conservative_50,"[0, 2, 4]",False,3,True
conservative_50,"[0, 3, 0]",False,4,True
conservative_50,"[0, 3, 1]",False,4,True
conservative_50,"[0, 3, 2]",True,4,True
conservative_50,"[0, 3, 3]",True,4,True
conservative_50,"[0, 4, 0]",False,5,True
conservative_50,"[0, 4, 1]",True,5,True
conservative_50,"[0, 4, 2]",True,5,True
conservative_50,"[0, 5, 0]",True,6,True
conservative_50,"[0, 5, 1]",True,6,True
conservative_50,"[0, 6, 0]",True,7,True
conservative_50,"[1, 0, 0]",False,1,True
conservative_50,"[1, 0, 1]",False,1,True
conservative_50,"[1, 0, 2]",False,1,True
conservative_50,"[1, 0, 3]",False,1,True
conservative_50,"[1, 0, 4]",False,1,True
conservative_50,"[1, 0, 5]",False,1,True
conservative_50,"[1, 1, 0]",False,2,True
conservative_50,"[1, 1, 1]",False,2,True
conservative_50,"[1, 1, 2]",False,2,True
conservative_50,"[1, 1, 3]",False,2,True
conservative_50,"[1, 1, 4]",False,2,True
conservative_50,"[1, 2, 0]",False,3,True
conservative_50,"[1, 2, 1]",False,3,True
conservative_50,"[1, 2, 2]",False,3,True
conservative_50,"[1, 2, 3]",False,3,True
conservative_50,"[1, 3, 0]",False,4,True
conservative_50,"[1, 3, 1]",False,4,True
conservative_50,"[1, 3, 2]",True,4,True
conservative_50,"[1, 4, 0]",False,5,True
conservative_50,"[1, 4, 1]",True,5,True
conservative_50,"[1, 5, 0]",True,6,True
conservative_50,"[2, 0, 0]",False,1,True
conservative_50,"[2, 0, 1]",False,1,True
conservative_50,"[2, 0, 2]",False,1,True
conservative_50,"[2, 0, 3]",False,1,True
conservative_50,"[2, 0, 4]",False,1,True
conservative_50,"[2, 1, 0]",False,2,True
conservative_50,"[2, 1, 1]",False,2,True
conservative_50,"[2, 1, 2]",False,2,True
conservative_50,"[2, 1, 3]",False,2,True
conservative_50,"[2, 2, 0]",False,3,True
conservative_50,"[2, 2, 1]",False,3,True
conservative_50,"[2, 2, 2]",False,3,True
conservative_50,"[2, 3, 0]",False,4,True
conservative_50,"[2, 3, 1]",False,4,True
conservative_50,"[2, 4, 0]",False,5,True
conservative_50,"[3, 0, 0]",False,1,True
conservative_50,"[3, 0, 1]",False,1,True
conservative_50,"[3, 0, 2]",False,1,True
conservative_50,"[3, 0, 3]",False,1,True
conservative_50,"[3, 1, 0]",False,2,True
conservative_50,"[3, 1, 1]",False,2,True
conservative_50,"[3, 1, 2]",False,2,True
conservative_50,"[3, 2, 0]",False,3,True
conservative_50,"[3, 2, 1]",False,3,True
conservative_50,"[3, 3, 0]",False,4,True
conservative_50,"[4, 0, 0]",False,1,True
conservative_50,"[4, 0, 1]",False,1,True
conservative_50,"[4, 0, 2]",False,1,True
conservative_50,"[4, 1, 0]",False,2,True
conservative_50,"[4, 1, 1]",False,2,True
conservative_50,"[4, 2, 0]",False,3,True
conservative_50,"[5, 0, 0]",False,1,True
conservative_50,"[5, 0, 1]",False,1,True
conservative_50,"[5, 1, 0]",False,2,True
conservative_50,"[6, 0, 0]",False,1,True
conservative_51,"[0, 0, 0]",False,1,True
conservative_51,"[0, 0, 1]",False,1,True
conservative_51,"[0, 0, 2]",True,1,True
conservative_51,"[0, 0, 3]",True,1,True
conservative_51,"[0, 0, 4]",True,1,True
conservative_51,"[0, 0, 5]",True,1,True
conservative_51,"[0, 0, 6]",True,1,True
conservative_51,"[0, 1, 0]",False,1,True
conservative_51,"[0, 1, 1]",False,1,True
conservative_51,"[0, 1, 2]",True,1,True
conservative_51,"[0, 1, 3]",True,1,True
conservative_51,"[0, 1, 4]",True,1,True
conservative_51,"[0, 1, 5]",True,1,True
conservative_51,"[0, 2, 0]",False,2,True
conservative_51,"[0, 2, 1]",True,2,True
conservative_51,"[0, 2, 2]",True,2,True
conservative_51,"[0, 2, 3]",True,2,True
conservative_51,"[0, 2, 4]",True,2,True
conservative_51,"[0, 3, 0]",True,3,True
conservative_51,"[0, 3, 1]",True,3,True
conservative_51,"[0, 3, 2]",True,3,True
conservative_51,"[0, 3, 3]",True,3,True
conservative_51,"[0, 4, 0]",True,4,True
conservative_51,"[0, 4, 1]",True,4,True
conservative_51,"[0, 4, 2]",True,4,True
conservative_51,"[0, 5, 0]",True,5,True
conservative_51,"[0, 5, 1]",True,5,True
conservative_51,"[0, 6, 0]",True,6,True
conservative_51,"[1, 0, 0]",False,2,True
conservative_51,"[1, 0, 1]",False,2,True
conservative_51,"[1, 0, 2]",True,2,True
conservative_51,"[1, 0, 3]",True,2,True
conservative_51,"[1, 0, 4]",True,2,True
conservative_51,"[1, 0, 5]",True,2,True
conservative_51,"[1, 1, 0]",False,3,True
conservative_51,"[1, 1, 1]",True,3,True
conservative_51,"[1, 1, 2]",True,3,True
conservative_51,"[1, 1, 3]",True,3,True
conservative_51,"[1, 1, 4]",True,3,True
conservative_51,"[1, 2, 0]",True,5,True
conservative_51,"[1, 2, 1]",True,5,True
conservative_51,"[1, 2, 2]",True,5,True
conservative_51,"[1, 2, 3]",True,5,True
conservative_51,"[1, 3, 0]",True,7,True
conservative_51,"[1, 3, 1]",True,7,True
conservative_51,"[1, 3, 2]",True,7,True
conservative_51,"[1, 4, 0]",True,9,True
conservative_51,"[1, 4, 1]",True,9,True
conservative_51,"[1, 5, 0]",True,11,True
conservative_51,"[2, 0, 0]",False,4,True
conservative_51,"[2, 0, 1]",True,4,True
conservative_51,"[2, 0, 2]",True,4,True
conservative_51,"[2, 0, 3]",True,4,True
conservative_51,"[2, 0, 4]",True,4,True
conservative_51,"[2, 1, 0]",True,6,True
conservative_51,"[2, 1, 1]",True,6,True
conservative_51,"[2, 1, 2]",True,6,True
conservative_51,"[2, 1, 3]",True,6,True
conservative_51,"[2, 2, 0]",True,9,True
conservative_51,"[2, 2, 1]",True,9,True
conservative_51,"[2, 2, 2]",True,9,True
conservative_51,"[2, 3, 0]",True,12,True
conservative_51,"[2, 3, 1]",True,12,True
conservative_51,"[2, 4, 0]",True,15,True
conservative_51,"[3, 0, 0]",True,7,True
conservative_51,"[3, 0, 1]",True,7,True
conservative_51,"[3, 0, 2]",True,7,True
conservative_51,"[3, 0, 3]",True,7,True
conservative_51,"[3, 1, 0]",True,10,True
conservative_51,"[3, 1, 1]",True,10,True
conservative_51,"[3, 1, 2]",True,10,True
conservative_51,"[3, 2, 0]",True,14,True
conservative_51,"[3, 2, 1]",True,14,True
conservative_51,"[3, 3, 0]",True,18,True
conservative_51,"[4, 0, 0]",True,11,True
conservative_51,"[4, 0, 1]",True,11,True
conservative_51,"[4, 0, 2]",True,11,True
conservative_51,"[4, 1, 0]",True,15,True
conservative_51,"[4, 1, 1]",True,15,True
conservative_51,"[4, 2, 0]",True,20,True
conservative_51,"[5, 0, 0]",True,16,True
conservative_51,"[5, 0, 1]",True,16,True
conservative_51,"[5, 1, 0]",True,21,True
conservative_51,"[6, 0, 0]",True,22,True
conservative_52,"[0, 0, 0]",False,1,True
conservative_52,"[0, 0, 1]",False,1,True
conservative_52,"[0, 0, 2]",False,1,True
conservative_52,"[0, 0, 3]",False,1,True
conservative_52,"[0, 0, 4]",False,1,True
conservative_52,"[0, 0, 5]",False,1,True
conservative_52,"[0, 0, 6]",False,1,True
conservative_52,"[0, 1, 0]",False,1,True
conservative_52,"[0, 1, 1]",False,2,True
conservative_52,"[0, 1, 2]",False,2,True
conservative_52,"[0, 1, 3]",False,2,True
conservative_52,"[0, 1, 4]",False,2,True
conservative_52,"[0, 1, 5]",False,2,True
conservative_52,"[0, 2, 0]",False,1,True
conservative_52,"[0, 2, 1]",False,3,True
conservative_52,"[0, 2, 2]",False,3,True
conservative_52,"[0, 2, 3]",False,3,True
conservative_52,"[0, 2, 4]",False,3,True
conservative_52,"[0, 3, 0]",False,1,True
conservative_52,"[0, 3, 1]",False,4,True
conservative_52,"[0, 3, 2]",False,4,True
conservative_52,"[0, 3, 3]",False,4,True
conservative_52,"[0, 4, 0]",False,1,True
conservative_52,"[0, 4, 1]",False,5,True
conservative_52,"[0, 4, 2]",False,5,True
conservative_52,"[0, 5, 0]",False,1,True
conservative_52,"[0, 5, 1]",False,6,True
conservative_52,"[0, 6, 0]",False,1,True
conservative_52,"[1, 0, 0]",False,1,True
conservative_52,"[1, 0, 1]",False,1,True
conservative_52,"[1, 0, 2]",False,1,True
conservative_52,"[1, 0, 3]",False,1,True
conservative_52,"[1, 0, 4]",False,1,True
conservative_52,"[1, 0, 5]",False,1,True
conservative_52,"[1, 1, 0]",False,1,True
conservative_52,"[1, 1, 1]",False,2,True
conservative_52,"[1, 1, 2]",False,2,True
conservative_52,"[1, 1, 3]",False,2,True
conservative_52,"[1, 1, 4]",False,2,True
conservative_52,"[1, 2, 0]",False,1,True
conservative_52,"[1, 2, 1]",False,3,True
conservative_52,"[1, 2, 2]",True,3,True
conservative_52,"[1, 2, 3]",True,3,True
conservative_52,"[1, 3, 0]",False,1,True
conservative_52,"[1, 3, 1]",True,4,True
conservative_52,"[1, 3, 2]",True,4,True
conservative_52,"[1, 4, 0]",False,1,True
conservative_52,"[1, 4, 1]",True,5,True
conservative_52,"[1, 5, 0]",False,1,True
conservative_52,"[2, 0, 0]",False,1,True
conservative_52,"[2, 0, 1]",False,3,True
conservative_52,"[2, 0, 2]",False,3,True
conservative_52,"[2, 0, 3]",False,3,True
conservative_52,"[2, 0, 4]",False,3,True
conservative_52,"[2, 1, 0]",False,1,True
conservative_52,"[2, 1, 1]",False,6,True
conservative_52,"[2, 1, 2]",False,6,True
conservative_52,"[2, 1, 3]",False,6,True
conservative_52,"[2, 2, 0]",True,1,True
conservative_52,"[2, 2, 1]",True,9,True
conservative_52,"[2, 2, 2]",True,9,True
conservative_52,"[2, 3, 0]",True,1,True
conservative_52,"[2, 3, 1]",True,12,True
conservative_52,"[2, 4, 0]",True,1,True
conservative_52,"[3, 0, 0]",False,1,True
conservative_52,"[3, 0, 1]",False,4,True
conservative_52,"[3, 0, 2]",False,4,True
conservative_52,"[3, 0, 3]",False,4,True
conservative_52,"[3, 1, 0]",False,1,True
conservative_52,"[3, 1, 1]",False,8,True
conservative_52,"[3, 1, 2]",False,8,True
conservative_52,"[3, 2, 0]",True,1,True
conservative_52,"[3, 2, 1]",True,12,True
conservative_52,"[3, 3, 0]",True,1,True
conservative_52,"[4, 0, 0]",False,1,True
conservative_52,"[4, 0, 1]",False,5,True
conservative_52,"[4, 0, 2]",False,5,True
conservative_52,"[4, 1, 0]",False,1,True
conservative_52,"[4, 1, 1]",False,10,True
conservative_52,"[4, 2, 0]",True,1,True
conservative_52,"[5, 0, 0]",False,1,True
conservative_52,"[5, 0, 1]",False,6,True
conservative_52,"[5, 1, 0]",False,1,True
conservative_52,"[6, 0, 0]",False,1,True
conservative_53,"[0, 0, 0]",False,1,True
conservative_53,"[0, 0, 1]",False,1,True
conservative_53,"[0, 0, 2]",False,1,True
conservative_53,"[0, 0, 3]",False,1,True
conservative_53,"[0, 0, 4]",False,1,True
conservative_53,"[0, 0, 5]",False,1,True
conservative_53,"[0, 0, 6]",False,1,True
conservative_53,"[0, 1, 0]",False,1,True
conservative_53,"[0, 1, 1]",False,1,True
conservative_53,"[0, 1, 2]",False,1,True
conservative_53,"[0, 1, 3]",False,1,True
conservative_53,"[0, 1, 4]",False,1,True
conservative_53,"[0, 1, 5]",False,1,True
conservative_53,"[0, 2, 0]",False,2,True
conservative_53,"[0, 2, 1]",False,2,True
conservative_53,"[0, 2, 2]",False,2,True
conservative_53,"[0, 2, 3]",False,2,True
conservative_53,"[0, 2, 4]",False,2,True
conservative_53,"[0, 3, 0]",False,4,True
conservative_53,"[0, 3, 1]",False,4,True
conservative_53,"[0, 3, 2]",True,4,True
conservative_53,"[0, 3, 3]",True,4,True
conservative_53,"[0, 4, 0]",False,7,True
conservative_53,"[0, 4, 1]",True,7,True
conservative_53,"[0, 4, 2]",True,7,True
conservative_53,"[0, 5, 0]",True,11,True
conservative_53,"[0, 5, 1]",True,11,True
conservative_53,"[0, 6, 0]",True,16,True
conservative_53,"[1, 0, 0]",False,1,True
conservative_53,"[1, 0, 1]",False,1,True
conservative_53,"[1, 0, 2]",False,1,True
conservative_53,"[1, 0, 3]",False,1,True
conservative_53,"[1, 0, 4]",False,1,True
conservative_53,"[1, 0, 5]",False,1,True
conservative_53,"[1, 1, 0]",False,1,True
conservative_53,"[1, 1, 1]",False,1,True
conservative_53,"[1, 1, 2]",False,1,True
conservative_53,"[1, 1, 3]",False,1,True
conservative_53,"[1, 1, 4]",False,1,True
conservative_53,"[1, 2, 0]",False,3,True
conservative_53,"[1, 2, 1]",False,3,True
conservative_53,"[1, 2, 2]",False,3,True
conservative_53,"[1, 2, 3]",False,3,True
conservative_53,"[1, 3, 0]",False,6,True
conservative_53,"[1, 3, 1]",False,6,True
conservative_53,"[1, 3, 2]",True,6,True
conservative_53,"[1, 4, 0]",True,10,True
conservative_53,"[1, 4, 1]",True,10,True
conservative_53,"[1, 5, 0]",True,15,True
conservative_53,"[2, 0, 0]",False,1,True
conservative_53,"[2, 0, 1]",False,1,True
conservative_53,"[2, 0, 2]",False,1,True
conservative_53,"[2, 0, 3]",False,1,True
conservative_53,"[2, 0, 4]",False,1,True
conservative_53,"[2, 1, 0]",False,1,True
conservative_53,"[2, 1, 1]",False,1,True
conservative_53,"[2, 1, 2]",False,1,True
conservative_53,"[2, 1, 3]",False,1,True
conservative_53,"[2, 2, 0]",False,3,True
conservative_53,"[2, 2, 1]",False,3,True
conservative_53,"[2, 2, 2]",False,3,True
conservative_53,"[2, 3, 0]",False,7,True
conservative_53,"[2, 3, 1]",False,7,True
conservative_53,"[2, 4, 0]",True,12,True
conservative_53,"[3, 0, 0]",False,1,True
conservative_53,"[3, 0, 1]",False,1,True
conservative_53,"[3, 0, 2]",False,1,True
conservative_53,"[3, 0, 3]",False,1,True
conservative_53,"[3, 1, 0]",False,1,True
conservative_53,"[3, 1, 1]",False,1,True
conservative_53,"[3, 1, 2]",False,1,True
conservative_53,"[3, 2, 0]",False,3,True
conservative_53,"[3, 2, 1]",False,3,True
conservative_53,"[3, 3, 0]",False,7,True
conservative_53,"[4, 0, 0]",False,1,True
conservative_53,"[4, 0, 1]",False,1,True
conservative_53,"[4, 0, 2]",False,1,True
conservative_53,"[4, 1, 0]",False,1,True
conservative_53,"[4, 1, 1]",False,1,True
conservative_53,"[4, 2, 0]",False,3,True
conservative_53,"[5, 0, 0]",False,1,True
conservative_53,"[5, 0, 1]",False,1,True
conservative_53,"[5, 1, 0]",False,1,True
conservative_53,"[6, 0, 0]",False,1,True
conservative_54,"[0, 0, 0]",False,1,True
conservative_54,"[0, 0, 1]",False,1,True
conservative_54,"[0, 0, 2]",False,1,True
conservative_54,"[0, 0, 3]",False,1,True
conservative_54,"[0, 0, 4]",False,1,True
conservative_54,"[0, 0, 5]",False,1,True
conservative_54,"[0, 0, 6]",False,1,True
conservative_54,"[0, 1, 0]",False,1,True
conservative_54,"[0, 1, 1]",False,1,True
conservative_54,"[0, 1, 2]",False,1,True
conservative_54,"[0, 1, 3]",False,1,True
conservative_54,"[0, 1, 4]",False,1,True
conservative_54,"[0, 1, 5]",False,1,True
conservative_54,"[0, 2, 0]",False,1,True
conservative_54,"[0, 2, 1]",False,1,True
conservative_54,"[0, 2, 2]",False,1,True
conservative_54,"[0, 2, 3]",False,1,True
conservative_54,"[0, 2, 4]",False,1,True
conservative_54,"[0, 3, 0]",False,1,True
conservative_54,"[0, 3, 1]",False,1,True
conservative_54,"[0, 3, 2]",False,1,True
conservative_54,"[0, 3, 3]",False,1,True
conservative_54,"[0, 4, 0]",False,1,True
conservative_54,"[0, 4, 1]",False,1,True
conservative_54,"[0, 4, 2]",False,1,True
conservative_54,"[0, 5, 0]",False,1,True
conservative_54,"[0, 5, 1]",False,1,True
conservative_54,"[0, 6, 0]",False,1,True
conservative_54,"[1, 0, 0]",False,2,True
conservative_54,"[1, 0, 1]",False,2,True
conservative_54,"[1, 0, 2]",False,2,True
conservative_54,"[1, 0, 3]",False,2,True
conservative_54,"[1, 0, 4]",False,2,True
conservative_54,"[1, 0, 5]",False,2,True
conservative_54,"[1, 1, 0]",False,2,True
conservative_54,"[1, 1, 1]",False,3,True
conservative_54,"[1, 1, 2]",False,3,True
conservative_54,"[1, 1, 3]",False,3,True
conservative_54,"[1, 1, 4]",False,3,True
conservative_54,"[1, 2, 0]",False,3,True
conservative_54,"[1, 2, 1]",False,4,True
conservative_54,"[1, 2, 2]",False,4,True
conservative_54,"[1, 2, 3]",False,4,True
conservative_54,"[1, 3, 0]",False,4,True
conservative_54,"[1, 3, 1]",False,5,True
conservative_54,"[1, 3, 2]",False,5,True
conservative_54,"[1, 4, 0]",False,5,True
conservative_54,"[1, 4, 1]",False,6,True
conservative_54,"[1, 5, 0]",False,6,True
conservative_54,"[2, 0, 0]",False,3,True
conservative_54,"[2, 0, 1]",False,3,True
conservative_54,"[2, 0, 2]",False,3,True
conservative_54,"[2, 0, 3]",False,3,True
conservative_54,"[2, 0, 4]",False,3,True
conservative_54,"[2, 1, 0]",False,3,True
conservative_54,"[2, 1, 1]",False,4,True
conservative_54,"[2, 1, 2]",False,4,True
conservative_54,"[2, 1, 3]",False,4,True
conservative_54,"[2, 2, 0]",False,4,True
conservative_54,"[2, 2, 1]",False,5,True
conservative_54,"[2, 2, 2]",False,5,True
conservative_54,"[2, 3, 0]",False,5,True
conservative_54,"[2, 3, 1]",False,6,True
conservative_54,"[2, 4, 0]",False,6,True
conservative_54,"[3, 0, 0]",False,4,True
conservative_54,"[3, 0, 1]",False,4,True
conservative_54,"[3, 0, 2]",False,4,True
conservative_54,"[3, 0, 3]",False,4,True
conservative_54,"[3, 1, 0]",False,4,True
conservative_54,"[3, 1, 1]",False,5,True
conservative_54,"[3, 1, 2]",False,5,True
conservative_54,"[3, 2, 0]",False,5,True
conservative_54,"[3, 2, 1]",False,6,True
conservative_54,"[3, 3, 0]",False,6,True
conservative_54,"[4, 0, 0]",False,5,True
conservative_54,"[4, 0, 1]",False,5,True
conservative_54,"[4, 0, 2]",False,5,True
conservative_54,"[4, 1, 0]",False,5,True
conservative_54,"[4, 1, 1]",False,6,True
conservative_54,"[4, 2, 0]",False,6,True
conservative_54,"[5, 0, 0]",False,6,True
conservative_54,"[5, 0, 1]",False,6,True
conservative_54,"[5, 1, 0]",False,6,True
conservative_54,"[6, 0, 0]",False,7,True
conservative_55,"[0, 0, 0]",False,1,True
conservative_55,"[0, 0, 1]",False,1,True
conservative_55,"[0, 0, 2]",False,1,True
conservative_55,"[0, 0, 3]",False,1,True
conservative_55,"[0, 0, 4]",False,1,True
conservative_55,"[0, 0, 5]",False,1,True
conservative_55,"[0, 0, 6]",False,1,True
conservative_55,"[0, 1, 0]",False,1,True
conservative_55,"[0, 1, 1]",False,1,True
conservative_55,"[0, 1, 2]",False,1,True
conservative_55,"[0, 1, 3]",False,1,True
conservative_55,"[0, 1, 4]",False,1,True
conservative_55,"[0, 1, 5]",False,1,True
conservative_55,"[0, 2, 0]",False,1,True
conservative_55,"[0, 2, 1]",False,1,True
conservative_55,"[0, 2, 2]",False,1,True
conservative_55,"[0, 2, 3]",False,1,True
conservative_55,"[0, 2, 4]",False,1,True
conservative_55,"[0, 3, 0]",False,1,True
conservative_55,"[0, 3, 1]",False,1,True
conservative_55,"[0, 3, 2]",False,1,True
conservative_55,"[0, 3, 3]",False,1,True
conservative_55,"[0, 4, 0]",False,1,True
conservative_55,"[0, 4, 1]",False,1,True
conservative_55,"[0, 4, 2]",False,1,True
conservative_55,"[0, 5, 0]",False,1,True
conservative_55,"[0, 5, 1]",False,1,True
conservative_55,"[0, 6, 0]",False,1,True
conservative_55,"[1, 0, 0]",False,1,True
conservative_55,"[1, 0, 1]",False,1,True
conservative_55,"[1, 0, 2]",False,1,True
conservative_55,"[1, 0, 3]",False,1,True
conservative_55,"[1, 0, 4]",False,1,True
conservative_55,"[1, 0, 5]",False,1,True
conservative_55,"[1, 1, 0]",False,1,True
conservative_55,"[1, 1, 1]",False,1,True
conservative_55,"[1, 1, 2]",False,1,True
conservative_55,"[1, 1, 3]",False,1,True
conservative_55,"[1, 1, 4]",False,1,True
conservative_55,"[1, 2, 0]",False,1,True
conservative_55,"[1, 2, 1]",False,1,True
conservative_55,"[1, 2, 2]",False,1,True
conservative_55,"[1, 2, 3]",False,1,True
conservative_55,"[1, 3, 0]",False,1,True
conservative_55,"[1, 3, 1]",False,1,True
conservative_55,"[1, 3, 2]",False,1,True
conservative_55,"[1, 4, 0]",False,1,True
conservative_55,"[1, 4, 1]",False,1,True
conservative_55,"[1, 5, 0]",False,1,True
conservative_55,"[2, 0, 0]",True,2,True
conservative_55,"[2, 0, 1]",True,2,True
conservative_55,"[2, 0, 2]",True,2,True
conservative_55,"[2, 0, 3]",True,2,True
conservative_55,"[2, 0, 4]",True,2,True
conservative_55,"[2, 1, 0]",True,2,True
conservative_55,"[2, 1, 1]",True,2,True
conservative_55,"[2, 1, 2]",True,2,True
conservative_55,"[2, 1, 3]",True,2,True
conservative_55,"[2, 2, 0]",True,2,True
conservative_55,"[2, 2, 1]",True,2,True
conservative_55,"[2, 2, 2]",True,2,True
conservative_55,"[2, 3, 0]",True,2,True
conservative_55,"[2, 3, 1]",True,2,True
conservative_55,"[2, 4, 0]",True,2,True
conservative_55,"[3, 0, 0]",True,2,True
conservative_55,"[3, 0, 1]",True,2,True
conservative_55,"[3, 0, 2]",True,2,True
conservative_55,"[3, 0, 3]",True,2,True
conservative_55,"[3, 1, 0]",True,2,True
conservative_55,"[3, 1, 1]",True,2,True
conservative_55,"[3, 1, 2]",True,2,True
conservative_55,"[3, 2, 0]",True,2,True
conservative_55,"[3, 2, 1]",True,2,True
conservative_55,"[3, 3, 0]",True,2,True
conservative_55,"[4, 0, 0]",True,3,True
conservative_55,"[4, 0, 1]",True,3,True
conservative_55,"[4, 0, 2]",True,3,True
conservative_55,"[4, 1, 0]",True,3,True
conservative_55,"[4, 1, 1]",True,3,True
conservative_55,"[4, 2, 0]",True,3,True
conservative_55,"[5, 0, 0]",True,3,True
conservative_55,"[5, 0, 1]",True,3,True
conservative_55,"[5, 1, 0]",True,3,True
conservative_55,"[6, 0, 0]",True,4,True
conservative_56,"[0, 0, 0]",False,1,True
conservative_56,"[0, 0, 1]",False,2,True
conservative_56,"[0, 0, 2]",False,3,True
conservative_56,"[0, 0, 3]",False,4,True
conservative_56,"[0, 0, 4]",False,5,True
conservative_56,"[0, 0, 5]",False,6,True
conservative_56,"[0, 0, 6]",False,7,True
conservative_56,"[0, 1, 0]",False,1,True
conservative_56,"[0, 1, 1]",False,2,True
conservative_56,"[0, 1, 2]",False,3,True
conservative_56,"[0, 1, 3]",False,4,True
conservative_56,"[0, 1, 4]",False,5,True
conservative_56,"[0, 1, 5]",False,6,True
conservative_56,"[0, 2, 0]",False,1,True
conservative_56,"[0, 2, 1]",False,2,True
conservative_56,"[0, 2, 2]",False,3,True
conservative_56,"[0, 2, 3]",False,4,True
conservative_56,"[0, 2, 4]",False,5,True
conservative_56,"[0, 3, 0]",False,1,True
conservative_56,"[0, 3, 1]",False,2,True
conservative_56,"[0, 3, 2]",False,3,True
conservative_56,"[0, 3, 3]",False,4,True
conservative_56,"[0, 4, 0]",False,1,True
conservative_56,"[0, 4, 1]",False,2,True
conservative_56,"[0, 4, 2]",False,3,True
conservative_56,"[0, 5, 0]",False,1,True
conservative_56,"[0, 5, 1]",False,2,True
conservative_56,"[0, 6, 0]",False,1,True
conservative_56,"[1, 0, 0]",False,1,True
conservative_56,"[1, 0, 1]",False,2,True
conservative_56,"[1, 0, 2]",False,3,True
conservative_56,"[1, 0, 3]",False,4,True
conservative_56,"[1, 0, 4]",False,5,True
conservative_56,"[1, 0, 5]",True,6,True
conservative_56,"[1, 1, 0]",False,1,True
conservative_56,"[1, 1, 1]",False,2,True
conservative_56,"[1, 1, 2]",False,3,True
conservative_56,"[1, 1, 3]",False,4,True
conservative_56,"[1, 1, 4]",True,5,True
conservative_56,"[1, 2, 0]",False,1,True
conservative_56,"[1, 2, 1]",False,2,True
conservative_56,"[1, 2, 2]",False,3,True
conservative_56,"[1, 2, 3]",True,4,True
conservative_56,"[1, 3, 0]",False,1,True
conservative_56,"[1, 3, 1]",False,2,True
conservative_56,"[1, 3, 2]",False,3,True
conservative_56,"[1, 4, 0]",False,1,True
conservative_56,"[1, 4, 1]",False,2,True
conservative_56,"[1, 5, 0]",False,1,True
conservative_56,"[2, 0, 0]",True,1,True
conservative_56,"[2, 0, 1]",True,6,True
conservative_56,"[2, 0, 2]",True,8,True
conservative_56,"[2, 0, 3]",True,10,True
conservative_56,"[2, 0, 4]",True,12,True
conservative_56,"[2, 1, 0]",True,1,True
conservative_56,"[2, 1, 1]",True,6,True
conservative_56,"[2, 1, 2]",True,8,True
conservative_56,"[2, 1, 3]",True,10,True
conservative_56,"[2, 2, 0]",True,1,True
conservative_56,"[2, 2, 1]",True,6,True
conservative_56,"[2, 2, 2]",True,8,True
conservative_56,"[2, 3, 0]",True,1,True
conservative_56,"[2, 3, 1]",True,6,True
conservative_56,"[2, 4, 0]",True,1,True
conservative_56,"[3, 0, 0]",True,1,True
conservative_56,"[3, 0, 1]",True,6,True
conservative_56,"[3, 0, 2]",True,8,True
conservative_56,"[3, 0, 3]",True,10,True
conservative_56,"[3, 1, 0]",True,1,True
conservative_56,"[3, 1, 1]",True,6,True
conservative_56,"[3, 1, 2]",True,8,True
conservative_56,"[3, 2, 0]",True,1,True
conservative_56,"[3, 2, 1]",True,6,True
conservative_56,"[3, 3, 0]",True,1,True
conservative_56,"[4, 0, 0]",True,1,True
conservative_56,"[4, 0, 1]",True,12,True
conservative_56,"[4, 0, 2]",True,15,True
conservative_56,"[4, 1, 0]",True,1,True
conservative_56,"[4, 1, 1]",True,12,True
conservative_56,"[4, 2, 0]",True,1,True
conservative_56,"[5, 0, 0]",True,1,True
conservative_56,"[5, 0, 1]",True,12,True
conservative_56,"[5, 1, 0]",True,1,True
conservative_56,"[6, 0, 0]",True,1,True
conservative_57,"[0, 0, 0]",True,1,True
conservative_57,"[0, 0, 1]",True,1,True
conservative_57,"[0, 0, 2]",True,1,True
conservative_57,"[0, 0, 3]",True,1,True
conservative_57,"[0, 0, 4]",True,1,True
conservative_57,"[0, 0, 5]",True,1,True
conservative_57,"[0, 0, 6]",True,1,True
conservative_57,"[0, 1, 0]",True,2,True
conservative_57,"[0, 1, 1]",True,2,True
conservative_57,"[0, 1, 2]",True,2,True
conservative_57,"[0, 1, 3]",True,2,True
conservative_57,"[0, 1, 4]",True,2,True
conservative_57,"[0, 1, 5]",True,2,True
conservative_57,"[0, 2, 0]",True,3,True
conservative_57,"[0, 2, 1]",True,6,True
conservative_57,"[0, 2, 2]",True,10,True
conservative_57,"[0, 2, 3]",True,15,True
conservative_57,"[0, 2, 4]",True,21,True
conservative_57,"[0, 3, 0]",True,4,True
conservative_57,"[0, 3, 1]",True,8,True
conservative_57,"[0, 3, 2]",True,13,True
conservative_57,"[0, 3, 3]",True,19,True
conservative_57,"[0, 4, 0]",True,5,True
conservative_57,"[0, 4, 1]",True,10,True
conservative_57,"[0, 4, 2]",True,16,True
conservative_57,"[0, 5, 0]",True,6,True
conservative_57,"[0, 5, 1]",True,12,True
conservative_57,"[0, 6, 0]",True,7,True
conservative_57,"[1, 0, 0]",True,1,True
conservative_57,"[1, 0, 1]",True,1,True
conservative_57,"[1, 0, 2]",True,1,True
conservative_57,"[1, 0, 3]",True,1,True
conservative_57,"[1, 0, 4]",True,1,True
conservative_57,"[1, 0, 5]",True,1,True
conservative_57,"[1, 1, 0]",True,2,True
conservative_57,"[1, 1, 1]",True,5,True
conservative_57,"[1, 1, 2]",True,9,True
conservative_57,"[1, 1, 3]",True,14,True
conservative_57,"[1, 1, 4]",True,20,True
conservative_57,"[1, 2, 0]",True,3,True
conservative_57,"[1, 2, 1]",True,7,True
conservative_57,"[1, 2, 2]",True,12,True
conservative_57,"[1, 2, 3]",True,18,True
conservative_57,"[1, 3, 0]",True,4,True
conservative_57,"[1, 3, 1]",True,9,True
conservative_57,"[1, 3, 2]",True,15,True
conservative_57,"[1, 4, 0]",True,5,True
conservative_57,"[1, 4, 1]",True,11,True
conservative_57,"[1, 5, 0]",True,6,True
conservative_57,"[2, 0, 0]",True,1,True
conservative_57,"[2, 0, 1]",True,1,True
conservative_57,"[2, 0, 2]",True,1,True
conservative_57,"[2, 0, 3]",True,1,True
conservative_57,"[2, 0, 4]",True,1,True
conservative_57,"[2, 1, 0]",True,2,True
conservative_57,"[2, 1, 1]",True,5,True
conservative_57,"[2, 1, 2]",True,9,True
conservative_57,"[2, 1, 3]",True,14,True
conservative_57,"[2, 2, 0]",True,3,True
conservative_57,"[2, 2, 1]",True,7,True
conservative_57,"[2, 2, 2]",True,12,True
conservative_57,"[2, 3, 0]",True,4,True
conservative_57,"[2, 3, 1]",True,9,True
conservative_57,"[2, 4, 0]",True,5,True
conservative_57,"[3, 0, 0]",True,1,True
conservative_57,"[3, 0, 1]",True,1,True
conservative_57,"[3, 0, 2]",True,1,True
conservative_57,"[3, 0, 3]",True,1,True
conservative_57,"[3, 1, 0]",True,2,True
conservative_57,"[3, 1, 1]",True,5,True
conservative_57,"[3, 1, 2]",True,9,True
conservative_57,"[3, 2, 0]",True,3,True
conservative_57,"[3, 2, 1]",True,7,True
conservative_57,"[3, 3, 0]",True,4,True
conservative_57,"[4, 0, 0]",True,1,True
conservative_57,"[4, 0, 1]",True,1,True
conservative_57,"[4, 0, 2]",True,1,True
conservative_57,"[4, 1, 0]",True,2,True
conservative_57,"[4, 1, 1]",True,5,True
conservative_57,"[4, 2, 0]",True,3,True
conservative_57,"[5, 0, 0]",True,1,True
conservative_57,"[5, 0, 1]",True,1,True
conservative_57,"[5, 1, 0]",True,2,True
conservative_57,"[6, 0, 0]",True,1,True
conservative_58,"[0, 0, 0]",False,1,True
conservative_58,"[0, 0, 1]",False,1,True
conservative_58,"[0, 0, 2]",False,2,True
conservative_58,"[0, 0, 3]",True,3,True
conservative_58,"[0, 0, 4]",True,4,True
conservative_58,"[0, 0, 5]",True,5,True
conservative_58,"[0, 0, 6]",True,6,True
conservative_58,"[0, 1, 0]",False,1,True
conservative_58,"[0, 1, 1]",False,1,True
conservative_58,"[0, 1, 2]",False,2,True
conservative_58,"[0, 1, 3]",True,3,True
conservative_58,"[0, 1, 4]",True,4,True
conservative_58,"[0, 1, 5]",True,5,True
conservative_58,"[0, 2, 0]",False,1,True
conservative_58,"[0, 2, 1]",False,1,True
conservative_58,"[0, 2, 2]",False,2,True
conservative_58,"[0, 2, 3]",True,3,True
conservative_58,"[0, 2, 4]",True,4,True
conservative_58,"[0, 3, 0]",False,1,True
conservative_58,"[0, 3, 1]",False,1,True
conservative_58,"[0, 3, 2]",False,2,True
conservative_58,"[0, 3, 3]",True,3,True
conservative_58,"[0, 4, 0]",False,1,True
conservative_58,"[0, 4, 1]",False,1,True
conservative_58,"[0, 4, 2]",False,2,True
conservative_58,"[0, 5, 0]",False,1,True
conservative_58,"[0, 5, 1]",False,1,True
conservative_58,"[0, 6, 0]",False,1,True
conservative_58,"[1, 0, 0]",False,1,True
conservative_58,"[1, 0, 1]",False,1,True
conservative_58,"[1, 0, 2]",True,2,True
conservative_58,"[1, 0, 3]",True,3,True
conservative_58,"[1, 0, 4]",True,4,True
conservative_58,"[1, 0, 5]",True,5,True
conservative_58,"[1, 1, 0]",False,1,True
conservative_58,"[1, 1, 1]",False,1,True
conservative_58,"[1, 1, 2]",True,2,True
conservative_58,"[1, 1, 3]",True,3,True
conservative_58,"[1, 1, 4]",True,4,True
conservative_58,"[1, 2, 0]",False,1,True
conservative_58,"[1, 2, 1]",False,1,True
conservative_58,"[1, 2, 2]",True,2,True
conservative_58,"[1, 2, 3]",True,3,True
conservative_58,"[1, 3, 0]",False,1,True
conservative_58,"[1, 3, 1]",False,1,True
conservative_58,"[1, 3, 2]",True,2,True
conservative_58,"[1, 4, 0]",False,1,True
conservative_58,"[1, 4, 1]",False,1,True
conservative_58,"[1, 5, 0]",False,1,True
conservative_58,"[2, 0, 0]",True,1,True
conservative_58,"[2, 0, 1]",True,1,True
conservative_58,"[2, 0, 2]",True,2,True
conservative_58,"[2, 0, 3]",True,3,True
conservative_58,"[2, 0, 4]",True,4,True
conservative_58,"[2, 1, 0]",True,1,True
conservative_58,"[2, 1, 1]",True,1,True
conservative_58,"[2, 1, 2]",True,2,True
conservative_58,"[2, 1, 3]",True,3,True
conservative_58,"[2, 2, 0]",True,1,True
conservative_58,"[2, 2, 1]",True,1,True
conservative_58,"[2, 2, 2]",True,2,True
conservative_58,"[2, 3, 0]",True,1,True
conservative_58,"[2, 3, 1]",True,1,True
conservative_58,"[2, 4, 0]",True,1,True
conservative_58,"[3, 0, 0]",True,1,True
conservative_58,"[3, 0, 1]",True,1,True
conservative_58,"[3, 0, 2]",True,2,True
conservative_58,"[3, 0, 3]",True,3,True
conservative_58,"[3, 1, 0]",True,1,True
conservative_58,"[3, 1, 1]",True,1,True
conservative_58,"[3, 1, 2]",True,2,True
conservative_58,"[3, 2, 0]",True,1,True
conservative_58,"[3, 2, 1]",True,1,True
conservative_58,"[3, 3, 0]",True,1,True
conservative_58,"[4, 0, 0]",True,1,True
conservative_58,"[4, 0, 1]",True,1,True
conservative_58,"[4, 0, 2]",True,2,True
conservative_58,"[4, 1, 0]",True,1,True
conservative_58,"[4, 1, 1]",True,1,True
conservative_58,"[4, 2, 0]",True,1,True
conservative_58,"[5, 0, 0]",True,1,True
conservative_58,"[5, 0, 1]",True,1,True
conservative_58,"[5, 1, 0]",True,1,True
conservative_58,"[6, 0, 0]",True,1,True
conservative_59,"[0, 0, 0]",False,1,True
conservative_59,"[0, 0, 1]",False,1,True
conservative_59,"[0, 0, 2]",False,1,True
conservative_59,"[0, 0, 3]",False,1,True
conservative_59,"[0, 0, 4]",False,1,True
conservative_59,"[0, 0, 5]",False,1,True
conservative_59,"[0, 0, 6]",False,1,True
conservative_59,"[0, 1, 0]",True,1,True
conservative_59,"[0, 1, 1]",True,2,True
conservative_59,"[0, 1, 2]",True,5,True
conservative_59,"[0, 1, 3]",True,9,True
conservative_59,"[0, 1, 4]",True,14,True
conservative_59,"[0, 1, 5]",True,20,True
conservative_59,"[0, 2, 0]",True,1,True
conservative_59,"[0, 2, 1]",True,3,True
conservative_59,"[0, 2, 2]",True,7,True
conservative_59,"[0, 2, 3]",True,12,True
conservative_59,"[0, 2, 4]",True,18,True
conservative_59,"[0, 3, 0]",True,1,True
conservative_59,"[0, 3, 1]",True,4,True
conservative_59,"[0, 3, 2]",True,9,True
conservative_59,"[0, 3, 3]",True,15,True
conservative_59,"[0, 4, 0]",True,1,True
conservative_59,"[0, 4, 1]",True,5,True
conservative_59,"[0, 4, 2]",True,11,True
conservative_59,"[0, 5, 0]",True,1,True
conservative_59,"[0, 5, 1]",True,6,True
conservative_59,"[0, 6, 0]",True,1,True
conservative_59,"[1, 0, 0]",True,2,True
conservative_59,"[1, 0, 1]",True,2,True
conservative_59,"[1, 0, 2]",True,5,True
conservative_59,"[1, 0, 3]",True,9,True
conservative_59,"[1, 0, 4]",True,14,True
conservative_59,"[1, 0, 5]",True,20,True
conservative_59,"[1, 1, 0]",True,2,True
conservative_59,"[1, 1, 1]",True,3,True
conservative_59,"[1, 1, 2]",True,7,True
conservative_59,"[1, 1, 3]",True,12,True
conservative_59,"[1, 1, 4]",True,18,True
conservative_59,"[1, 2, 0]",True,2,True
conservative_59,"[1, 2, 1]",True,4,True
conservative_59,"[1, 2, 2]",True,9,True
conservative_59,"[1, 2, 3]",True,15,True
conservative_59,"[1, 3, 0]",True,2,True
conservative_59,"[1, 3, 1]",True,5,True
conservative_59,"[1, 3, 2]",True,11,True
conservative_59,"[1, 4, 0]",True,2,True
conservative_59,"[1, 4, 1]",True,6,True
conservative_59,"[1, 5, 0]",True,2,True
conservative_59,"[2, 0, 0]",True,3,True
conservative_59,"[2, 0, 1]",True,3,True
conservative_59,"[2, 0, 2]",True,7,True
conservative_59,"[2, 0, 3]",True,12,True
conservative_59,"[2, 0, 4]",True,18,True
conservative_59,"[2, 1, 0]",True,3,True
conservative_59,"[2, 1, 1]",True,4,True
conservative_59,"[2, 1, 2]",True,9,True
conservative_59,"[2, 1, 3]",True,15,True
conservative_59,"[2, 2, 0]",True,3,True
conservative_59,"[2, 2, 1]",True,5,True
conservative_59,"[2, 2, 2]",True,11,True
conservative_59,"[2, 3, 0]",True,3,True
conservative_59,"[2, 3, 1]",True,6,True
conservative_59,"[2, 4, 0]",True,3,True
conservative_59,"[3, 0, 0]",True,4,True
conservative_59,"[3, 0, 1]",True,4,True
conservative_59,"[3, 0, 2]",True,9,True
conservative_59,"[3, 0, 3]",True,15,True
conservative_59,"[3, 1, 0]",True,4,True
conservative_59,"[3, 1, 1]",True,5,True
conservative_59,"[3, 1, 2]",True,11,True
conservative_59,"[3, 2, 0]",True,4,True
conservative_59,"[3, 2, 1]",True,6,True
conservative_59,"[3, 3, 0]",True,4,True
conservative_59,"[4, 0, 0]",True,5,True
conservative_59,"[4, 0, 1]",True,5,True
conservative_59,"[4, 0, 2]",True,11,True
conservative_59,"[4, 1, 0]",True,5,True
conservative_59,"[4, 1, 1]",True,6,True
conservative_59,"[4, 2, 0]",True,5,True
conservative_59,"[5, 0, 0]",True,6,True
conservative_59,"[5, 0, 1]",True,6,True
conservative_59,"[5, 1, 0]",True,6,True
conservative_59,"[6, 0, 0]",True,7,True
